anio,numero,indicador,clasificacion,formula,valor,estado,motivo,fuente,condicional
2020,1,Razon corriente,Liquidez,Activo corriente / Pasivo corriente,8.6851,OK,Capacidad de pago de corto plazo. Valor 8.6851 dentro de rango normal.,"Práctica estándar: Razon corriente < 1,5 vigilancia; < 1,0 riesgo de liquidez.",NO
2021,1,Razon corriente,Liquidez,Activo corriente / Pasivo corriente,7.57936,OK,Capacidad de pago de corto plazo. Valor 7.57936 dentro de rango normal.,"Práctica estándar: Razon corriente < 1,5 vigilancia; < 1,0 riesgo de liquidez.",NO
2022,1,Razon corriente,Liquidez,Activo corriente / Pasivo corriente,6.85837,OK,Capacidad de pago de corto plazo. Valor 6.85837 dentro de rango normal.,"Práctica estándar: Razon corriente < 1,5 vigilancia; < 1,0 riesgo de liquidez.",NO
2023,1,Razon corriente,Liquidez,Activo corriente / Pasivo corriente,6.50866,OK,Capacidad de pago de corto plazo. Valor 6.50866 dentro de rango normal.,"Práctica estándar: Razon corriente < 1,5 vigilancia; < 1,0 riesgo de liquidez.",NO
2024,1,Razon corriente,Liquidez,Activo corriente / Pasivo corriente,8.92322,OK,Capacidad de pago de corto plazo. Valor 8.92322 dentro de rango normal.,"Práctica estándar: Razon corriente < 1,5 vigilancia; < 1,0 riesgo de liquidez.",NO
2025,1,Razon corriente,Liquidez,Activo corriente / Pasivo corriente,9.26008,OK,Capacidad de pago de corto plazo. Valor 9.26008 dentro de rango normal.,"Práctica estándar: Razon corriente < 1,5 vigilancia; < 1,0 riesgo de liquidez.",NO
2020,2,Prueba acida,Liquidez,(Activo corriente - Inventarios) / Pasivo corriente,8.6851,NO_APLICA_TIPO_ENTIDAD,Condicional por tipo de entidad (servicios sin inventarios). Prueba ácida (sin inventarios es idéntica a Razon corriente). Valor 8.6851 dentro de rango normal.,Empresa de servicios sin inventarios: la razón coincide con Razon corriente (validado por el usuario).,SI
2021,2,Prueba acida,Liquidez,(Activo corriente - Inventarios) / Pasivo corriente,7.57936,NO_APLICA_TIPO_ENTIDAD,Condicional por tipo de entidad (servicios sin inventarios). Prueba ácida (sin inventarios es idéntica a Razon corriente). Valor 7.57936 dentro de rango normal.,Empresa de servicios sin inventarios: la razón coincide con Razon corriente (validado por el usuario).,SI
2022,2,Prueba acida,Liquidez,(Activo corriente - Inventarios) / Pasivo corriente,6.85837,NO_APLICA_TIPO_ENTIDAD,Condicional por tipo de entidad (servicios sin inventarios). Prueba ácida (sin inventarios es idéntica a Razon corriente). Valor 6.85837 dentro de rango normal.,Empresa de servicios sin inventarios: la razón coincide con Razon corriente (validado por el usuario).,SI
2023,2,Prueba acida,Liquidez,(Activo corriente - Inventarios) / Pasivo corriente,6.50866,NO_APLICA_TIPO_ENTIDAD,Condicional por tipo de entidad (servicios sin inventarios). Prueba ácida (sin inventarios es idéntica a Razon corriente). Valor 6.50866 dentro de rango normal.,Empresa de servicios sin inventarios: la razón coincide con Razon corriente (validado por el usuario).,SI
2024,2,Prueba acida,Liquidez,(Activo corriente - Inventarios) / Pasivo corriente,8.92322,NO_APLICA_TIPO_ENTIDAD,Condicional por tipo de entidad (servicios sin inventarios). Prueba ácida (sin inventarios es idéntica a Razon corriente). Valor 8.92322 dentro de rango normal.,Empresa de servicios sin inventarios: la razón coincide con Razon corriente (validado por el usuario).,SI
2025,2,Prueba acida,Liquidez,(Activo corriente - Inventarios) / Pasivo corriente,9.26008,NO_APLICA_TIPO_ENTIDAD,Condicional por tipo de entidad (servicios sin inventarios). Prueba ácida (sin inventarios es idéntica a Razon corriente). Valor 9.26008 dentro de rango normal.,Empresa de servicios sin inventarios: la razón coincide con Razon corriente (validado por el usuario).,SI
2020,3,Razon de efectivo,Liquidez,Efectivo y equivalentes de efectivo / Pasivo corriente,1.19935,OK,Cobertura inmediata de pasivos con caja. Valor 1.19935 dentro de rango normal.,"Screening de caja: < 0,30 vigilancia; < 0,20 dependencia de ingresos futuros.",NO
2021,3,Razon de efectivo,Liquidez,Efectivo y equivalentes de efectivo / Pasivo corriente,0.509268,OK,Cobertura inmediata de pasivos con caja. Valor 0.509268 dentro de rango normal.,"Screening de caja: < 0,30 vigilancia; < 0,20 dependencia de ingresos futuros.",NO
2022,3,Razon de efectivo,Liquidez,Efectivo y equivalentes de efectivo / Pasivo corriente,0.476333,OK,Cobertura inmediata de pasivos con caja. Valor 0.476333 dentro de rango normal.,"Screening de caja: < 0,30 vigilancia; < 0,20 dependencia de ingresos futuros.",NO
2023,3,Razon de efectivo,Liquidez,Efectivo y equivalentes de efectivo / Pasivo corriente,0.52209,OK,Cobertura inmediata de pasivos con caja. Valor 0.52209 dentro de rango normal.,"Screening de caja: < 0,30 vigilancia; < 0,20 dependencia de ingresos futuros.",NO
2024,3,Razon de efectivo,Liquidez,Efectivo y equivalentes de efectivo / Pasivo corriente,1.53319,OK,Cobertura inmediata de pasivos con caja. Valor 1.53319 dentro de rango normal.,"Screening de caja: < 0,30 vigilancia; < 0,20 dependencia de ingresos futuros.",NO
2025,3,Razon de efectivo,Liquidez,Efectivo y equivalentes de efectivo / Pasivo corriente,1.41491,OK,Cobertura inmediata de pasivos con caja. Valor 1.41491 dentro de rango normal.,"Screening de caja: < 0,30 vigilancia; < 0,20 dependencia de ingresos futuros.",NO
2020,4,Capital de trabajo neto,Liquidez,Activo corriente - Pasivo corriente,281459,OK,Capital de trabajo neto negativo = descobertura de corto plazo. Valor 281459 dentro de rango normal.,CT neto < 0 indica que activos corrientes no cubren pasivos corrientes.,NO
2021,4,Capital de trabajo neto,Liquidez,Activo corriente - Pasivo corriente,271188,OK,Capital de trabajo neto negativo = descobertura de corto plazo. Valor 271188 dentro de rango normal.,CT neto < 0 indica que activos corrientes no cubren pasivos corrientes.,NO
2022,4,Capital de trabajo neto,Liquidez,Activo corriente - Pasivo corriente,252853,OK,Capital de trabajo neto negativo = descobertura de corto plazo. Valor 252853 dentro de rango normal.,CT neto < 0 indica que activos corrientes no cubren pasivos corrientes.,NO
2023,4,Capital de trabajo neto,Liquidez,Activo corriente - Pasivo corriente,288395,OK,Capital de trabajo neto negativo = descobertura de corto plazo. Valor 288395 dentro de rango normal.,CT neto < 0 indica que activos corrientes no cubren pasivos corrientes.,NO
2024,4,Capital de trabajo neto,Liquidez,Activo corriente - Pasivo corriente,243243,OK,Capital de trabajo neto negativo = descobertura de corto plazo. Valor 243243 dentro de rango normal.,CT neto < 0 indica que activos corrientes no cubren pasivos corrientes.,NO
2025,4,Capital de trabajo neto,Liquidez,Activo corriente - Pasivo corriente,268659,OK,Capital de trabajo neto negativo = descobertura de corto plazo. Valor 268659 dentro de rango normal.,CT neto < 0 indica que activos corrientes no cubren pasivos corrientes.,NO
2020,5,Capital de trabajo / Activos,Liquidez,Capital de trabajo neto / Activo total,0.783997,OK,Capital de trabajo neto sobre activos negativo. Valor 0.783997 dentro de rango normal.,Indicador de colchón financiero relativo al activo.,NO
2021,5,Capital de trabajo / Activos,Liquidez,Capital de trabajo neto / Activo total,0.778636,OK,Capital de trabajo neto sobre activos negativo. Valor 0.778636 dentro de rango normal.,Indicador de colchón financiero relativo al activo.,NO
2022,5,Capital de trabajo / Activos,Liquidez,Capital de trabajo neto / Activo total,0.755184,OK,Capital de trabajo neto sobre activos negativo. Valor 0.755184 dentro de rango normal.,Indicador de colchón financiero relativo al activo.,NO
2023,5,Capital de trabajo / Activos,Liquidez,Capital de trabajo neto / Activo total,0.767041,OK,Capital de trabajo neto sobre activos negativo. Valor 0.767041 dentro de rango normal.,Indicador de colchón financiero relativo al activo.,NO
2024,5,Capital de trabajo / Activos,Liquidez,Capital de trabajo neto / Activo total,0.772298,OK,Capital de trabajo neto sobre activos negativo. Valor 0.772298 dentro de rango normal.,Indicador de colchón financiero relativo al activo.,NO
2025,5,Capital de trabajo / Activos,Liquidez,Capital de trabajo neto / Activo total,0.771723,OK,Capital de trabajo neto sobre activos negativo. Valor 0.771723 dentro de rango normal.,Indicador de colchón financiero relativo al activo.,NO
2020,6,Endeudamiento total,Endeudamiento y solvencia,Pasivo total / Activo total,0.183855,OK,Endeudamiento sobre activos. Valor 0.183855 dentro de rango normal.,Screening de apalancamiento: > 50% vigilancia; > 60% nivel alto.,NO
2021,6,Endeudamiento total,Endeudamiento y solvencia,Pasivo total / Activo total,0.187771,OK,Endeudamiento sobre activos. Valor 0.187771 dentro de rango normal.,Screening de apalancamiento: > 50% vigilancia; > 60% nivel alto.,NO
2022,6,Endeudamiento total,Endeudamiento y solvencia,Pasivo total / Activo total,0.21354,OK,Endeudamiento sobre activos. Valor 0.21354 dentro de rango normal.,Screening de apalancamiento: > 50% vigilancia; > 60% nivel alto.,NO
2023,6,Endeudamiento total,Endeudamiento y solvencia,Pasivo total / Activo total,0.218985,OK,Endeudamiento sobre activos. Valor 0.218985 dentro de rango normal.,Screening de apalancamiento: > 50% vigilancia; > 60% nivel alto.,NO
2024,6,Endeudamiento total,Endeudamiento y solvencia,Pasivo total / Activo total,0.190827,OK,Endeudamiento sobre activos. Valor 0.190827 dentro de rango normal.,Screening de apalancamiento: > 50% vigilancia; > 60% nivel alto.,NO
2025,6,Endeudamiento total,Endeudamiento y solvencia,Pasivo total / Activo total,0.173197,OK,Endeudamiento sobre activos. Valor 0.173197 dentro de rango normal.,Screening de apalancamiento: > 50% vigilancia; > 60% nivel alto.,NO
2020,7,Endeudamiento patrimonial,Endeudamiento y solvencia,Pasivo total / Patrimonio,0.225273,OK,Pasivo sobre patrimonio. Valor 0.225273 dentro de rango normal.,"Convencional: pasivo > patrimonio usado como señal ( > 1,5 fuerte).",NO
2021,7,Endeudamiento patrimonial,Endeudamiento y solvencia,Pasivo total / Patrimonio,0.23118,OK,Pasivo sobre patrimonio. Valor 0.23118 dentro de rango normal.,"Convencional: pasivo > patrimonio usado como señal ( > 1,5 fuerte).",NO
2022,7,Endeudamiento patrimonial,Endeudamiento y solvencia,Pasivo total / Patrimonio,0.27152,OK,Pasivo sobre patrimonio. Valor 0.27152 dentro de rango normal.,"Convencional: pasivo > patrimonio usado como señal ( > 1,5 fuerte).",NO
2023,7,Endeudamiento patrimonial,Endeudamiento y solvencia,Pasivo total / Patrimonio,0.280386,OK,Pasivo sobre patrimonio. Valor 0.280386 dentro de rango normal.,"Convencional: pasivo > patrimonio usado como señal ( > 1,5 fuerte).",NO
2024,7,Endeudamiento patrimonial,Endeudamiento y solvencia,Pasivo total / Patrimonio,0.23583,OK,Pasivo sobre patrimonio. Valor 0.23583 dentro de rango normal.,"Convencional: pasivo > patrimonio usado como señal ( > 1,5 fuerte).",NO
2025,7,Endeudamiento patrimonial,Endeudamiento y solvencia,Pasivo total / Patrimonio,0.209478,OK,Pasivo sobre patrimonio. Valor 0.209478 dentro de rango normal.,"Convencional: pasivo > patrimonio usado como señal ( > 1,5 fuerte).",NO
2020,8,Deuda financiera / Activos,Endeudamiento y solvencia,Deuda financiera / Activo total,0.0269885,OK,Deuda financiera sobre activos. Valor 0.0269885 dentro de rango normal.,Exposición financiera relativa al activo.,NO
2021,8,Deuda financiera / Activos,Endeudamiento y solvencia,Deuda financiera / Activo total,0.0223006,OK,Deuda financiera sobre activos. Valor 0.0223006 dentro de rango normal.,Exposición financiera relativa al activo.,NO
2022,8,Deuda financiera / Activos,Endeudamiento y solvencia,Deuda financiera / Activo total,0.0185382,OK,Deuda financiera sobre activos. Valor 0.0185382 dentro de rango normal.,Exposición financiera relativa al activo.,NO
2023,8,Deuda financiera / Activos,Endeudamiento y solvencia,Deuda financiera / Activo total,0.0168385,OK,Deuda financiera sobre activos. Valor 0.0168385 dentro de rango normal.,Exposición financiera relativa al activo.,NO
2024,8,Deuda financiera / Activos,Endeudamiento y solvencia,Deuda financiera / Activo total,0.0194215,OK,Deuda financiera sobre activos. Valor 0.0194215 dentro de rango normal.,Exposición financiera relativa al activo.,NO
2025,8,Deuda financiera / Activos,Endeudamiento y solvencia,Deuda financiera / Activo total,0.0152415,OK,Deuda financiera sobre activos. Valor 0.0152415 dentro de rango normal.,Exposición financiera relativa al activo.,NO
2020,9,Deuda financiera / Patrimonio,Endeudamiento y solvencia,Deuda financiera / Patrimonio,0.0330683,OK,Deuda financiera sobre patrimonio. Valor 0.0330683 dentro de rango normal.,Apalancamiento financiero estricto.,NO
2021,9,Deuda financiera / Patrimonio,Endeudamiento y solvencia,Deuda financiera / Patrimonio,0.0274561,OK,Deuda financiera sobre patrimonio. Valor 0.0274561 dentro de rango normal.,Apalancamiento financiero estricto.,NO
2022,9,Deuda financiera / Patrimonio,Endeudamiento y solvencia,Deuda financiera / Patrimonio,0.0235716,OK,Deuda financiera sobre patrimonio. Valor 0.0235716 dentro de rango normal.,Apalancamiento financiero estricto.,NO
2023,9,Deuda financiera / Patrimonio,Endeudamiento y solvencia,Deuda financiera / Patrimonio,0.0215598,OK,Deuda financiera sobre patrimonio. Valor 0.0215598 dentro de rango normal.,Apalancamiento financiero estricto.,NO
2024,9,Deuda financiera / Patrimonio,Endeudamiento y solvencia,Deuda financiera / Patrimonio,0.0240017,OK,Deuda financiera sobre patrimonio. Valor 0.0240017 dentro de rango normal.,Apalancamiento financiero estricto.,NO
2025,9,Deuda financiera / Patrimonio,Endeudamiento y solvencia,Deuda financiera / Patrimonio,0.0184342,OK,Deuda financiera sobre patrimonio. Valor 0.0184342 dentro de rango normal.,Apalancamiento financiero estricto.,NO
2020,10,Autonomia financiera,Endeudamiento y solvencia,Patrimonio / Activo total,0.816145,OK,Autonomía financiera (patrimonio/activo). Valor 0.816145 dentro de rango normal.,Patrimonio < 40% del activo vigila dependencia de terceros; < 30% prestamista.,NO
2021,10,Autonomia financiera,Endeudamiento y solvencia,Patrimonio / Activo total,0.812229,OK,Autonomía financiera (patrimonio/activo). Valor 0.812229 dentro de rango normal.,Patrimonio < 40% del activo vigila dependencia de terceros; < 30% prestamista.,NO
2022,10,Autonomia financiera,Endeudamiento y solvencia,Patrimonio / Activo total,0.78646,OK,Autonomía financiera (patrimonio/activo). Valor 0.78646 dentro de rango normal.,Patrimonio < 40% del activo vigila dependencia de terceros; < 30% prestamista.,NO
2023,10,Autonomia financiera,Endeudamiento y solvencia,Patrimonio / Activo total,0.781015,OK,Autonomía financiera (patrimonio/activo). Valor 0.781015 dentro de rango normal.,Patrimonio < 40% del activo vigila dependencia de terceros; < 30% prestamista.,NO
2024,10,Autonomia financiera,Endeudamiento y solvencia,Patrimonio / Activo total,0.809173,OK,Autonomía financiera (patrimonio/activo). Valor 0.809173 dentro de rango normal.,Patrimonio < 40% del activo vigila dependencia de terceros; < 30% prestamista.,NO
2025,10,Autonomia financiera,Endeudamiento y solvencia,Patrimonio / Activo total,0.826803,OK,Autonomía financiera (patrimonio/activo). Valor 0.826803 dentro de rango normal.,Patrimonio < 40% del activo vigila dependencia de terceros; < 30% prestamista.,NO
2020,11,Apalancamiento financiero,Endeudamiento y solvencia,Activo total / Patrimonio,1.22527,OK,Multiplicador activo/patrimonio. Valor 1.22527 dentro de rango normal.,"Estimación conservadora (DuPont); > 2,5 apalancamiento alto.",NO
2021,11,Apalancamiento financiero,Endeudamiento y solvencia,Activo total / Patrimonio,1.23118,OK,Multiplicador activo/patrimonio. Valor 1.23118 dentro de rango normal.,"Estimación conservadora (DuPont); > 2,5 apalancamiento alto.",NO
2022,11,Apalancamiento financiero,Endeudamiento y solvencia,Activo total / Patrimonio,1.27152,OK,Multiplicador activo/patrimonio. Valor 1.27152 dentro de rango normal.,"Estimación conservadora (DuPont); > 2,5 apalancamiento alto.",NO
2023,11,Apalancamiento financiero,Endeudamiento y solvencia,Activo total / Patrimonio,1.28039,OK,Multiplicador activo/patrimonio. Valor 1.28039 dentro de rango normal.,"Estimación conservadora (DuPont); > 2,5 apalancamiento alto.",NO
2024,11,Apalancamiento financiero,Endeudamiento y solvencia,Activo total / Patrimonio,1.23583,OK,Multiplicador activo/patrimonio. Valor 1.23583 dentro de rango normal.,"Estimación conservadora (DuPont); > 2,5 apalancamiento alto.",NO
2025,11,Apalancamiento financiero,Endeudamiento y solvencia,Activo total / Patrimonio,1.20948,OK,Multiplicador activo/patrimonio. Valor 1.20948 dentro de rango normal.,"Estimación conservadora (DuPont); > 2,5 apalancamiento alto.",NO
2020,12,Calidad de la deuda,Endeudamiento y solvencia,Pasivo corriente / Pasivo total,0.554867,OK,Participación de pasivo corriente en el pasivo total. Valor 0.554867 dentro de rango normal.,Concentración de deuda corto plazo -> presión de circulante.,NO
2021,12,Calidad de la deuda,Endeudamiento y solvencia,Pasivo corriente / Pasivo total,0.630264,OK,Participación de pasivo corriente en el pasivo total. Valor 0.630264 dentro de rango normal.,Concentración de deuda corto plazo -> presión de circulante.,NO
2022,12,Calidad de la deuda,Endeudamiento y solvencia,Pasivo corriente / Pasivo total,0.603667,OK,Participación de pasivo corriente en el pasivo total. Valor 0.603667 dentro de rango normal.,Concentración de deuda corto plazo -> presión de circulante.,NO
2023,12,Calidad de la deuda,Endeudamiento y solvencia,Pasivo corriente / Pasivo total,0.635854,OK,Participación de pasivo corriente en el pasivo total. Valor 0.635854 dentro de rango normal.,Concentración de deuda corto plazo -> presión de circulante.,NO
2024,12,Calidad de la deuda,Endeudamiento y solvencia,Pasivo corriente / Pasivo total,0.51079,OK,Participación de pasivo corriente en el pasivo total. Valor 0.51079 dentro de rango normal.,Concentración de deuda corto plazo -> presión de circulante.,NO
2025,12,Calidad de la deuda,Endeudamiento y solvencia,Pasivo corriente / Pasivo total,0.539431,OK,Participación de pasivo corriente en el pasivo total. Valor 0.539431 dentro de rango normal.,Concentración de deuda corto plazo -> presión de circulante.,NO
2020,13,Solvencia total,Endeudamiento y solvencia,Activo total / Pasivo total,5.43906,OK,Activo total sobre pasivo total. Valor 5.43906 dentro de rango normal.,"Solvencia; < 1,5 vigilancia; < 1,2 pérdida de cobertura global.",NO
2021,13,Solvencia total,Endeudamiento y solvencia,Activo total / Pasivo total,5.32564,OK,Activo total sobre pasivo total. Valor 5.32564 dentro de rango normal.,"Solvencia; < 1,5 vigilancia; < 1,2 pérdida de cobertura global.",NO
2022,13,Solvencia total,Endeudamiento y solvencia,Activo total / Pasivo total,4.68297,OK,Activo total sobre pasivo total. Valor 4.68297 dentro de rango normal.,"Solvencia; < 1,5 vigilancia; < 1,2 pérdida de cobertura global.",NO
2023,13,Solvencia total,Endeudamiento y solvencia,Activo total / Pasivo total,4.56651,OK,Activo total sobre pasivo total. Valor 4.56651 dentro de rango normal.,"Solvencia; < 1,5 vigilancia; < 1,2 pérdida de cobertura global.",NO
2024,13,Solvencia total,Endeudamiento y solvencia,Activo total / Pasivo total,5.24034,OK,Activo total sobre pasivo total. Valor 5.24034 dentro de rango normal.,"Solvencia; < 1,5 vigilancia; < 1,2 pérdida de cobertura global.",NO
2025,13,Solvencia total,Endeudamiento y solvencia,Activo total / Pasivo total,5.77376,OK,Activo total sobre pasivo total. Valor 5.77376 dentro de rango normal.,"Solvencia; < 1,5 vigilancia; < 1,2 pérdida de cobertura global.",NO
2020,14,Pasivo / Capital,Endeudamiento y solvencia,Pasivo total / (Pasivo total + Patrimonio),0.183855,OK,Pasivo sobre activo (proxy capital estructura). Valor 0.183855 dentro de rango normal.,Complementario a Endeudamiento total.,NO
2021,14,Pasivo / Capital,Endeudamiento y solvencia,Pasivo total / (Pasivo total + Patrimonio),0.187771,OK,Pasivo sobre activo (proxy capital estructura). Valor 0.187771 dentro de rango normal.,Complementario a Endeudamiento total.,NO
2022,14,Pasivo / Capital,Endeudamiento y solvencia,Pasivo total / (Pasivo total + Patrimonio),0.21354,OK,Pasivo sobre activo (proxy capital estructura). Valor 0.21354 dentro de rango normal.,Complementario a Endeudamiento total.,NO
2023,14,Pasivo / Capital,Endeudamiento y solvencia,Pasivo total / (Pasivo total + Patrimonio),0.218985,OK,Pasivo sobre activo (proxy capital estructura). Valor 0.218985 dentro de rango normal.,Complementario a Endeudamiento total.,NO
2024,14,Pasivo / Capital,Endeudamiento y solvencia,Pasivo total / (Pasivo total + Patrimonio),0.190827,OK,Pasivo sobre activo (proxy capital estructura). Valor 0.190827 dentro de rango normal.,Complementario a Endeudamiento total.,NO
2025,14,Pasivo / Capital,Endeudamiento y solvencia,Pasivo total / (Pasivo total + Patrimonio),0.173197,OK,Pasivo sobre activo (proxy capital estructura). Valor 0.173197 dentro de rango normal.,Complementario a Endeudamiento total.,NO
2020,15,Rotacion de activos totales,Actividad y eficiencia,Ingresos / ((Activo total actual + Activo total anterior) / 2),,NO_ENCONTRADO,Sin valor en indicadores.csv para este año,Screening: valores negativos de rotación implican insumo inconsistente.,NO
2021,15,Rotacion de activos totales,Actividad y eficiencia,Ingresos / ((Activo total actual + Activo total anterior) / 2),0.577587,OK,Rotación de activos negativa no interpretable. Valor 0.577587 dentro de rango normal.,Screening: valores negativos de rotación implican insumo inconsistente.,NO
2022,15,Rotacion de activos totales,Actividad y eficiencia,Ingresos / ((Activo total actual + Activo total anterior) / 2),0.644073,OK,Rotación de activos negativa no interpretable. Valor 0.644073 dentro de rango normal.,Screening: valores negativos de rotación implican insumo inconsistente.,NO
2023,15,Rotacion de activos totales,Actividad y eficiencia,Ingresos / ((Activo total actual + Activo total anterior) / 2),0.621699,OK,Rotación de activos negativa no interpretable. Valor 0.621699 dentro de rango normal.,Screening: valores negativos de rotación implican insumo inconsistente.,NO
2024,15,Rotacion de activos totales,Actividad y eficiencia,Ingresos / ((Activo total actual + Activo total anterior) / 2),0.656354,OK,Rotación de activos negativa no interpretable. Valor 0.656354 dentro de rango normal.,Screening: valores negativos de rotación implican insumo inconsistente.,NO
2025,15,Rotacion de activos totales,Actividad y eficiencia,Ingresos / ((Activo total actual + Activo total anterior) / 2),0.78663,OK,Rotación de activos negativa no interpretable. Valor 0.78663 dentro de rango normal.,Screening: valores negativos de rotación implican insumo inconsistente.,NO
2020,16,Rotacion de activos fijos,Actividad y eficiencia,Ingresos / ((Activo no corriente actual + anterior) / 2),,NO_ENCONTRADO,Sin valor en indicadores.csv para este año,Screening.,NO
2021,16,Rotacion de activos fijos,Actividad y eficiencia,Ingresos / ((Activo no corriente actual + anterior) / 2),5.31916,OK,Rotación de activos fijos negativa no interpretable. Valor 5.31916 dentro de rango normal.,Screening.,NO
2022,16,Rotacion de activos fijos,Actividad y eficiencia,Ingresos / ((Activo no corriente actual + anterior) / 2),5.89072,OK,Rotación de activos fijos negativa no interpretable. Valor 5.89072 dentro de rango normal.,Screening.,NO
2023,16,Rotacion de activos fijos,Actividad y eficiencia,Ingresos / ((Activo no corriente actual + anterior) / 2),5.9681,OK,Rotación de activos fijos negativa no interpretable. Valor 5.9681 dentro de rango normal.,Screening.,NO
2024,16,Rotacion de activos fijos,Actividad y eficiencia,Ingresos / ((Activo no corriente actual + anterior) / 2),5.94736,OK,Rotación de activos fijos negativa no interpretable. Valor 5.94736 dentro de rango normal.,Screening.,NO
2025,16,Rotacion de activos fijos,Actividad y eficiencia,Ingresos / ((Activo no corriente actual + anterior) / 2),5.9299,OK,Rotación de activos fijos negativa no interpretable. Valor 5.9299 dentro de rango normal.,Screening.,NO
2020,17,Rotacion de cuentas por cobrar,Actividad y eficiencia,Ingresos / ((Cuentas por cobrar actual + anterior) / 2),,NO_ENCONTRADO,Sin valor en indicadores.csv para este año,Screening.,NO
2021,17,Rotacion de cuentas por cobrar,Actividad y eficiencia,Ingresos / ((Cuentas por cobrar actual + anterior) / 2),4.74276,OK,Rotación de cartera negativa no interpretable. Valor 4.74276 dentro de rango normal.,Screening.,NO
2022,17,Rotacion de cuentas por cobrar,Actividad y eficiencia,Ingresos / ((Cuentas por cobrar actual + anterior) / 2),4.30004,OK,Rotación de cartera negativa no interpretable. Valor 4.30004 dentro de rango normal.,Screening.,NO
2023,17,Rotacion de cuentas por cobrar,Actividad y eficiencia,Ingresos / ((Cuentas por cobrar actual + anterior) / 2),4.41374,OK,Rotación de cartera negativa no interpretable. Valor 4.41374 dentro de rango normal.,Screening.,NO
2024,17,Rotacion de cuentas por cobrar,Actividad y eficiencia,Ingresos / ((Cuentas por cobrar actual + anterior) / 2),6.57843,OK,Rotación de cartera negativa no interpretable. Valor 6.57843 dentro de rango normal.,Screening.,NO
2025,17,Rotacion de cuentas por cobrar,Actividad y eficiencia,Ingresos / ((Cuentas por cobrar actual + anterior) / 2),6.59309,OK,Rotación de cartera negativa no interpretable. Valor 6.59309 dentro de rango normal.,Screening.,NO
2020,18,Periodo medio de cobro,Actividad y eficiencia,365 / Rotacion de cuentas por cobrar,,NO_ENCONTRADO,Sin valor en indicadores.csv para este año,Cartera cobrada en > 120 días vigila; > 180 días señala deterioro del recaudo.,NO
2021,18,Periodo medio de cobro,Actividad y eficiencia,365 / Rotacion de cuentas por cobrar,76.9595,OK,Plazo medio de cobro en días. Valor 76.9595 dentro de rango normal.,Cartera cobrada en > 120 días vigila; > 180 días señala deterioro del recaudo.,NO
2022,18,Periodo medio de cobro,Actividad y eficiencia,365 / Rotacion de cuentas por cobrar,84.8828,OK,Plazo medio de cobro en días. Valor 84.8828 dentro de rango normal.,Cartera cobrada en > 120 días vigila; > 180 días señala deterioro del recaudo.,NO
2023,18,Periodo medio de cobro,Actividad y eficiencia,365 / Rotacion de cuentas por cobrar,82.6963,OK,Plazo medio de cobro en días. Valor 82.6963 dentro de rango normal.,Cartera cobrada en > 120 días vigila; > 180 días señala deterioro del recaudo.,NO
2024,18,Periodo medio de cobro,Actividad y eficiencia,365 / Rotacion de cuentas por cobrar,55.4843,OK,Plazo medio de cobro en días. Valor 55.4843 dentro de rango normal.,Cartera cobrada en > 120 días vigila; > 180 días señala deterioro del recaudo.,NO
2025,18,Periodo medio de cobro,Actividad y eficiencia,365 / Rotacion de cuentas por cobrar,55.361,OK,Plazo medio de cobro en días. Valor 55.361 dentro de rango normal.,Cartera cobrada en > 120 días vigila; > 180 días señala deterioro del recaudo.,NO
2020,19,Rotacion de inventarios,Actividad y eficiencia,Costo de ventas / ((Inventarios actual + anterior) / 2),,NO_APLICA_TIPO_ENTIDAD,Condicional por tipo de entidad: requiere inventarios/compras/costo de ventas.,RAZONAMIENTO_DECISIONES.md (Capa 4).,SI
2021,19,Rotacion de inventarios,Actividad y eficiencia,Costo de ventas / ((Inventarios actual + anterior) / 2),,NO_APLICA_TIPO_ENTIDAD,Condicional por tipo de entidad: requiere inventarios/compras/costo de ventas.,RAZONAMIENTO_DECISIONES.md (Capa 4).,SI
2022,19,Rotacion de inventarios,Actividad y eficiencia,Costo de ventas / ((Inventarios actual + anterior) / 2),,NO_APLICA_TIPO_ENTIDAD,Condicional por tipo de entidad: requiere inventarios/compras/costo de ventas.,RAZONAMIENTO_DECISIONES.md (Capa 4).,SI
2023,19,Rotacion de inventarios,Actividad y eficiencia,Costo de ventas / ((Inventarios actual + anterior) / 2),,NO_APLICA_TIPO_ENTIDAD,Condicional por tipo de entidad: requiere inventarios/compras/costo de ventas.,RAZONAMIENTO_DECISIONES.md (Capa 4).,SI
2024,19,Rotacion de inventarios,Actividad y eficiencia,Costo de ventas / ((Inventarios actual + anterior) / 2),,NO_APLICA_TIPO_ENTIDAD,Condicional por tipo de entidad: requiere inventarios/compras/costo de ventas.,RAZONAMIENTO_DECISIONES.md (Capa 4).,SI
2025,19,Rotacion de inventarios,Actividad y eficiencia,Costo de ventas / ((Inventarios actual + anterior) / 2),,NO_APLICA_TIPO_ENTIDAD,Condicional por tipo de entidad: requiere inventarios/compras/costo de ventas.,RAZONAMIENTO_DECISIONES.md (Capa 4).,SI
2020,20,Dias de inventario,Actividad y eficiencia,365 / Rotacion de inventarios,,NO_APLICA_TIPO_ENTIDAD,Condicional por tipo de entidad: requiere inventarios/compras/costo de ventas.,RAZONAMIENTO_DECISIONES.md (Capa 4).,SI
2021,20,Dias de inventario,Actividad y eficiencia,365 / Rotacion de inventarios,,NO_APLICA_TIPO_ENTIDAD,Condicional por tipo de entidad: requiere inventarios/compras/costo de ventas.,RAZONAMIENTO_DECISIONES.md (Capa 4).,SI
2022,20,Dias de inventario,Actividad y eficiencia,365 / Rotacion de inventarios,,NO_APLICA_TIPO_ENTIDAD,Condicional por tipo de entidad: requiere inventarios/compras/costo de ventas.,RAZONAMIENTO_DECISIONES.md (Capa 4).,SI
2023,20,Dias de inventario,Actividad y eficiencia,365 / Rotacion de inventarios,,NO_APLICA_TIPO_ENTIDAD,Condicional por tipo de entidad: requiere inventarios/compras/costo de ventas.,RAZONAMIENTO_DECISIONES.md (Capa 4).,SI
2024,20,Dias de inventario,Actividad y eficiencia,365 / Rotacion de inventarios,,NO_APLICA_TIPO_ENTIDAD,Condicional por tipo de entidad: requiere inventarios/compras/costo de ventas.,RAZONAMIENTO_DECISIONES.md (Capa 4).,SI
2025,20,Dias de inventario,Actividad y eficiencia,365 / Rotacion de inventarios,,NO_APLICA_TIPO_ENTIDAD,Condicional por tipo de entidad: requiere inventarios/compras/costo de ventas.,RAZONAMIENTO_DECISIONES.md (Capa 4).,SI
2020,21,Rotacion de cuentas por pagar,Actividad y eficiencia,Compras a credito / ((Cuentas por pagar actual + anterior) / 2),,NO_APLICA_TIPO_ENTIDAD,Condicional por tipo de entidad: requiere inventarios/compras/costo de ventas.,RAZONAMIENTO_DECISIONES.md (Capa 4).,SI
2021,21,Rotacion de cuentas por pagar,Actividad y eficiencia,Compras a credito / ((Cuentas por pagar actual + anterior) / 2),,NO_APLICA_TIPO_ENTIDAD,Condicional por tipo de entidad: requiere inventarios/compras/costo de ventas.,RAZONAMIENTO_DECISIONES.md (Capa 4).,SI
2022,21,Rotacion de cuentas por pagar,Actividad y eficiencia,Compras a credito / ((Cuentas por pagar actual + anterior) / 2),,NO_APLICA_TIPO_ENTIDAD,Condicional por tipo de entidad: requiere inventarios/compras/costo de ventas.,RAZONAMIENTO_DECISIONES.md (Capa 4).,SI
2023,21,Rotacion de cuentas por pagar,Actividad y eficiencia,Compras a credito / ((Cuentas por pagar actual + anterior) / 2),,NO_APLICA_TIPO_ENTIDAD,Condicional por tipo de entidad: requiere inventarios/compras/costo de ventas.,RAZONAMIENTO_DECISIONES.md (Capa 4).,SI
2024,21,Rotacion de cuentas por pagar,Actividad y eficiencia,Compras a credito / ((Cuentas por pagar actual + anterior) / 2),,NO_APLICA_TIPO_ENTIDAD,Condicional por tipo de entidad: requiere inventarios/compras/costo de ventas.,RAZONAMIENTO_DECISIONES.md (Capa 4).,SI
2025,21,Rotacion de cuentas por pagar,Actividad y eficiencia,Compras a credito / ((Cuentas por pagar actual + anterior) / 2),,NO_APLICA_TIPO_ENTIDAD,Condicional por tipo de entidad: requiere inventarios/compras/costo de ventas.,RAZONAMIENTO_DECISIONES.md (Capa 4).,SI
2020,22,Periodo medio de pago,Actividad y eficiencia,365 / Rotacion de cuentas por pagar,,NO_APLICA_TIPO_ENTIDAD,Condicional por tipo de entidad: requiere inventarios/compras/costo de ventas.,RAZONAMIENTO_DECISIONES.md (Capa 4).,SI
2021,22,Periodo medio de pago,Actividad y eficiencia,365 / Rotacion de cuentas por pagar,,NO_APLICA_TIPO_ENTIDAD,Condicional por tipo de entidad: requiere inventarios/compras/costo de ventas.,RAZONAMIENTO_DECISIONES.md (Capa 4).,SI
2022,22,Periodo medio de pago,Actividad y eficiencia,365 / Rotacion de cuentas por pagar,,NO_APLICA_TIPO_ENTIDAD,Condicional por tipo de entidad: requiere inventarios/compras/costo de ventas.,RAZONAMIENTO_DECISIONES.md (Capa 4).,SI
2023,22,Periodo medio de pago,Actividad y eficiencia,365 / Rotacion de cuentas por pagar,,NO_APLICA_TIPO_ENTIDAD,Condicional por tipo de entidad: requiere inventarios/compras/costo de ventas.,RAZONAMIENTO_DECISIONES.md (Capa 4).,SI
2024,22,Periodo medio de pago,Actividad y eficiencia,365 / Rotacion de cuentas por pagar,,NO_APLICA_TIPO_ENTIDAD,Condicional por tipo de entidad: requiere inventarios/compras/costo de ventas.,RAZONAMIENTO_DECISIONES.md (Capa 4).,SI
2025,22,Periodo medio de pago,Actividad y eficiencia,365 / Rotacion de cuentas por pagar,,NO_APLICA_TIPO_ENTIDAD,Condicional por tipo de entidad: requiere inventarios/compras/costo de ventas.,RAZONAMIENTO_DECISIONES.md (Capa 4).,SI
2020,23,Rotacion del capital de trabajo,Actividad y eficiencia,Ingresos / ((CT actual + CT anterior) / 2),,NO_ENCONTRADO,Indicador informativo sin umbral de screening.,,NO
2021,23,Rotacion del capital de trabajo,Actividad y eficiencia,Ingresos / ((CT actual + CT anterior) / 2),0.73921,OK,Indicador informativo sin umbral de screening.,,NO
2022,23,Rotacion del capital de trabajo,Actividad y eficiencia,Ingresos / ((CT actual + CT anterior) / 2),0.839576,OK,Indicador informativo sin umbral de screening.,,NO
2023,23,Rotacion del capital de trabajo,Actividad y eficiencia,Ingresos / ((CT actual + CT anterior) / 2),0.816461,OK,Indicador informativo sin umbral de screening.,,NO
2024,23,Rotacion del capital de trabajo,Actividad y eficiencia,Ingresos / ((CT actual + CT anterior) / 2),0.853032,OK,Indicador informativo sin umbral de screening.,,NO
2025,23,Rotacion del capital de trabajo,Actividad y eficiencia,Ingresos / ((CT actual + CT anterior) / 2),1.01896,OK,Indicador informativo sin umbral de screening.,,NO
2020,24,EBITDA,Actividad y eficiencia,Resultado operativo antes de intereses e impuestos + Depreciacion + Amortizacion,100136,OK,EBITDA negativo = operación sin generación de flujo. Valor 100136 dentro de rango normal.,Generación de caja operativa primaria de la entidad.,NO
2021,24,EBITDA,Actividad y eficiencia,Resultado operativo antes de intereses e impuestos + Depreciacion + Amortizacion,109478,OK,EBITDA negativo = operación sin generación de flujo. Valor 109478 dentro de rango normal.,Generación de caja operativa primaria de la entidad.,NO
2022,24,EBITDA,Actividad y eficiencia,Resultado operativo antes de intereses e impuestos + Depreciacion + Amortizacion,108605,OK,EBITDA negativo = operación sin generación de flujo. Valor 108605 dentro de rango normal.,Generación de caja operativa primaria de la entidad.,NO
2023,24,EBITDA,Actividad y eficiencia,Resultado operativo antes de intereses e impuestos + Depreciacion + Amortizacion,78821,OK,EBITDA negativo = operación sin generación de flujo. Valor 78821 dentro de rango normal.,Generación de caja operativa primaria de la entidad.,NO
2024,24,EBITDA,Actividad y eficiencia,Resultado operativo antes de intereses e impuestos + Depreciacion + Amortizacion,54269,OK,EBITDA negativo = operación sin generación de flujo. Valor 54269 dentro de rango normal.,Generación de caja operativa primaria de la entidad.,NO
2025,24,EBITDA,Actividad y eficiencia,Resultado operativo antes de intereses e impuestos + Depreciacion + Amortizacion,71835,OK,EBITDA negativo = operación sin generación de flujo. Valor 71835 dentro de rango normal.,Generación de caja operativa primaria de la entidad.,NO
2020,25,Resultado operativo antes de intereses e impuestos (EBIT),Rentabilidad,Ingresos - Costo de ventas - Gastos Generales - Otros gastos operacionales + Otros ingresos operacionales,86251,OK,Margen/EBIT negativo. Valor 86251 dentro de rango normal.,Resultado operativo negativo.,NO
2021,25,Resultado operativo antes de intereses e impuestos (EBIT),Rentabilidad,Ingresos - Costo de ventas - Gastos Generales - Otros gastos operacionales + Otros ingresos operacionales,94982,OK,Margen/EBIT negativo. Valor 94982 dentro de rango normal.,Resultado operativo negativo.,NO
2022,25,Resultado operativo antes de intereses e impuestos (EBIT),Rentabilidad,Ingresos - Costo de ventas - Gastos Generales - Otros gastos operacionales + Otros ingresos operacionales,92975,OK,Margen/EBIT negativo. Valor 92975 dentro de rango normal.,Resultado operativo negativo.,NO
2023,25,Resultado operativo antes de intereses e impuestos (EBIT),Rentabilidad,Ingresos - Costo de ventas - Gastos Generales - Otros gastos operacionales + Otros ingresos operacionales,68527,OK,Margen/EBIT negativo. Valor 68527 dentro de rango normal.,Resultado operativo negativo.,NO
2024,25,Resultado operativo antes de intereses e impuestos (EBIT),Rentabilidad,Ingresos - Costo de ventas - Gastos Generales - Otros gastos operacionales + Otros ingresos operacionales,39454,OK,Margen/EBIT negativo. Valor 39454 dentro de rango normal.,Resultado operativo negativo.,NO
2025,25,Resultado operativo antes de intereses e impuestos (EBIT),Rentabilidad,Ingresos - Costo de ventas - Gastos Generales - Otros gastos operacionales + Otros ingresos operacionales,55943,OK,Margen/EBIT negativo. Valor 55943 dentro de rango normal.,Resultado operativo negativo.,NO
2020,26,Margen bruto,Rentabilidad,Utilidad bruta / Ingresos,1,OK,Margen bruto negativo. Valor 1 dentro de rango normal.,Resultado bruto negativo.,NO
2021,26,Margen bruto,Rentabilidad,Utilidad bruta / Ingresos,1,OK,Margen bruto negativo. Valor 1 dentro de rango normal.,Resultado bruto negativo.,NO
2022,26,Margen bruto,Rentabilidad,Utilidad bruta / Ingresos,1,OK,Margen bruto negativo. Valor 1 dentro de rango normal.,Resultado bruto negativo.,NO
2023,26,Margen bruto,Rentabilidad,Utilidad bruta / Ingresos,1,OK,Margen bruto negativo. Valor 1 dentro de rango normal.,Resultado bruto negativo.,NO
2024,26,Margen bruto,Rentabilidad,Utilidad bruta / Ingresos,1,OK,Margen bruto negativo. Valor 1 dentro de rango normal.,Resultado bruto negativo.,NO
2025,26,Margen bruto,Rentabilidad,Utilidad bruta / Ingresos,1,OK,Margen bruto negativo. Valor 1 dentro de rango normal.,Resultado bruto negativo.,NO
2020,27,Margen operativo,Rentabilidad,EBIT / Ingresos,0.438272,OK,Margen operativo negativo. Valor 0.438272 dentro de rango normal.,Margen operativo < 0 -> pérdida de la actividad.,NO
2021,27,Margen operativo,Rentabilidad,EBIT / Ingresos,0.465003,OK,Margen operativo negativo. Valor 0.465003 dentro de rango normal.,Margen operativo < 0 -> pérdida de la actividad.,NO
2022,27,Margen operativo,Rentabilidad,EBIT / Ingresos,0.422641,OK,Margen operativo negativo. Valor 0.422641 dentro de rango normal.,Margen operativo < 0 -> pérdida de la actividad.,NO
2023,27,Margen operativo,Rentabilidad,EBIT / Ingresos,0.310141,OK,Margen operativo negativo. Valor 0.310141 dentro de rango normal.,Margen operativo < 0 -> pérdida de la actividad.,NO
2024,27,Margen operativo,Rentabilidad,EBIT / Ingresos,0.173996,OK,Margen operativo negativo. Valor 0.173996 dentro de rango normal.,Margen operativo < 0 -> pérdida de la actividad.,NO
2025,27,Margen operativo,Rentabilidad,EBIT / Ingresos,0.214503,OK,Margen operativo negativo. Valor 0.214503 dentro de rango normal.,Margen operativo < 0 -> pérdida de la actividad.,NO
2020,28,Margen EBITDA,Rentabilidad,EBITDA / Ingresos,0.508826,OK,Margen EBITDA negativo. Valor 0.508826 dentro de rango normal.,Margen EBITDA < 0 -> sin caja operativa.,NO
2021,28,Margen EBITDA,Rentabilidad,EBITDA / Ingresos,0.535971,OK,Margen EBITDA negativo. Valor 0.535971 dentro de rango normal.,Margen EBITDA < 0 -> sin caja operativa.,NO
2022,28,Margen EBITDA,Rentabilidad,EBITDA / Ingresos,0.493691,OK,Margen EBITDA negativo. Valor 0.493691 dentro de rango normal.,Margen EBITDA < 0 -> sin caja operativa.,NO
2023,28,Margen EBITDA,Rentabilidad,EBITDA / Ingresos,0.35673,OK,Margen EBITDA negativo. Valor 0.35673 dentro de rango normal.,Margen EBITDA < 0 -> sin caja operativa.,NO
2024,28,Margen EBITDA,Rentabilidad,EBITDA / Ingresos,0.239332,OK,Margen EBITDA negativo. Valor 0.239332 dentro de rango normal.,Margen EBITDA < 0 -> sin caja operativa.,NO
2025,28,Margen EBITDA,Rentabilidad,EBITDA / Ingresos,0.275438,OK,Margen EBITDA negativo. Valor 0.275438 dentro de rango normal.,Margen EBITDA < 0 -> sin caja operativa.,NO
2020,29,Margen antes de impuestos,Rentabilidad,Utilidad antes de impuestos / Ingresos,0.458119,OK,Margen antes de impuestos negativo. Valor 0.458119 dentro de rango normal.,Resultado integral antes de impuestos < 0.,NO
2021,29,Margen antes de impuestos,Rentabilidad,Utilidad antes de impuestos / Ingresos,0.353313,OK,Margen antes de impuestos negativo. Valor 0.353313 dentro de rango normal.,Resultado integral antes de impuestos < 0.,NO
2022,29,Margen antes de impuestos,Rentabilidad,Utilidad antes de impuestos / Ingresos,0.29606,OK,Margen antes de impuestos negativo. Valor 0.29606 dentro de rango normal.,Resultado integral antes de impuestos < 0.,NO
2023,29,Margen antes de impuestos,Rentabilidad,Utilidad antes de impuestos / Ingresos,0.536306,OK,Margen antes de impuestos negativo. Valor 0.536306 dentro de rango normal.,Resultado integral antes de impuestos < 0.,NO
2024,29,Margen antes de impuestos,Rentabilidad,Utilidad antes de impuestos / Ingresos,0.161476,OK,Margen antes de impuestos negativo. Valor 0.161476 dentro de rango normal.,Resultado integral antes de impuestos < 0.,NO
2025,29,Margen antes de impuestos,Rentabilidad,Utilidad antes de impuestos / Ingresos,0.223295,OK,Margen antes de impuestos negativo. Valor 0.223295 dentro de rango normal.,Resultado integral antes de impuestos < 0.,NO
2020,30,Margen neto,Rentabilidad,Utilidad neta / Ingresos,0.295836,OK,Margen neto negativo. Valor 0.295836 dentro de rango normal.,Resultado neto del periodo < 0.,NO
2021,30,Margen neto,Rentabilidad,Utilidad neta / Ingresos,0.233192,OK,Margen neto negativo. Valor 0.233192 dentro de rango normal.,Resultado neto del periodo < 0.,NO
2022,30,Margen neto,Rentabilidad,Utilidad neta / Ingresos,0.164724,OK,Margen neto negativo. Valor 0.164724 dentro de rango normal.,Resultado neto del periodo < 0.,NO
2023,30,Margen neto,Rentabilidad,Utilidad neta / Ingresos,0.317378,OK,Margen neto negativo. Valor 0.317378 dentro de rango normal.,Resultado neto del periodo < 0.,NO
2024,30,Margen neto,Rentabilidad,Utilidad neta / Ingresos,0.092599,OK,Margen neto negativo. Valor 0.092599 dentro de rango normal.,Resultado neto del periodo < 0.,NO
2025,30,Margen neto,Rentabilidad,Utilidad neta / Ingresos,0.11866,OK,Margen neto negativo. Valor 0.11866 dentro de rango normal.,Resultado neto del periodo < 0.,NO
2020,31,ROA,Rentabilidad,Utilidad neta / ((Activo total actual + anterior) / 2),,NO_ENCONTRADO,Sin valor en indicadores.csv para este año,Retorno sobre el activo < 0.,NO
2021,31,ROA,Rentabilidad,Utilidad neta / ((Activo total actual + anterior) / 2),0.134689,OK,ROA negativo. Valor 0.134689 dentro de rango normal.,Retorno sobre el activo < 0.,NO
2022,31,ROA,Rentabilidad,Utilidad neta / ((Activo total actual + anterior) / 2),0.106094,OK,ROA negativo. Valor 0.106094 dentro de rango normal.,Retorno sobre el activo < 0.,NO
2023,31,ROA,Rentabilidad,Utilidad neta / ((Activo total actual + anterior) / 2),0.197314,OK,ROA negativo. Valor 0.197314 dentro de rango normal.,Retorno sobre el activo < 0.,NO
2024,31,ROA,Rentabilidad,Utilidad neta / ((Activo total actual + anterior) / 2),0.0607777,OK,ROA negativo. Valor 0.0607777 dentro de rango normal.,Retorno sobre el activo < 0.,NO
2025,31,ROA,Rentabilidad,Utilidad neta / ((Activo total actual + anterior) / 2),0.0933419,OK,ROA negativo. Valor 0.0933419 dentro de rango normal.,Retorno sobre el activo < 0.,NO
2020,32,ROE,Rentabilidad,Utilidad neta / ((Patrimonio actual + anterior) / 2),,NO_ENCONTRADO,Sin valor en indicadores.csv para este año,Rentabilidad del patrimonio < 0.,NO
2021,32,ROE,Rentabilidad,Utilidad neta / ((Patrimonio actual + anterior) / 2),0.165421,OK,ROE negativo. Valor 0.165421 dentro de rango normal.,Rentabilidad del patrimonio < 0.,NO
2022,32,ROE,Rentabilidad,Utilidad neta / ((Patrimonio actual + anterior) / 2),0.132685,OK,ROE negativo. Valor 0.132685 dentro de rango normal.,Rentabilidad del patrimonio < 0.,NO
2023,32,ROE,Rentabilidad,Utilidad neta / ((Patrimonio actual + anterior) / 2),0.251811,OK,ROE negativo. Valor 0.251811 dentro de rango normal.,Rentabilidad del patrimonio < 0.,NO
2024,32,ROE,Rentabilidad,Utilidad neta / ((Patrimonio actual + anterior) / 2),0.0765607,OK,ROE negativo. Valor 0.0765607 dentro de rango normal.,Rentabilidad del patrimonio < 0.,NO
2025,32,ROE,Rentabilidad,Utilidad neta / ((Patrimonio actual + anterior) / 2),0.11405,OK,ROE negativo. Valor 0.11405 dentro de rango normal.,Rentabilidad del patrimonio < 0.,NO
2020,33,Capital invertido,Rentabilidad,Capital Suscrito y Pagado + Obligaciones Financieras,81649,OK,Capital invertido negativo. Valor 81649 dentro de rango normal.,Screening de coherencia.,NO
2021,33,Capital invertido,Rentabilidad,Capital Suscrito y Pagado + Obligaciones Financieras,79727,OK,Capital invertido negativo. Valor 79727 dentro de rango normal.,Screening de coherencia.,NO
2022,33,Capital invertido,Rentabilidad,Capital Suscrito y Pagado + Obligaciones Financieras,78167,OK,Capital invertido negativo. Valor 78167 dentro de rango normal.,Screening de coherencia.,NO
2023,33,Capital invertido,Rentabilidad,Capital Suscrito y Pagado + Obligaciones Financieras,78291,OK,Capital invertido negativo. Valor 78291 dentro de rango normal.,Screening de coherencia.,NO
2024,33,Capital invertido,Rentabilidad,Capital Suscrito y Pagado + Obligaciones Financieras,78077,OK,Capital invertido negativo. Valor 78077 dentro de rango normal.,Screening de coherencia.,NO
2025,33,Capital invertido,Rentabilidad,Capital Suscrito y Pagado + Obligaciones Financieras,77266,OK,Capital invertido negativo. Valor 77266 dentro de rango normal.,Screening de coherencia.,NO
2020,34,ROIC,Rentabilidad,Utilidad operativa despues de impuestos / ((Capital invertido actual + anterior) / 2),,NO_ENCONTRADO,Sin valor en indicadores.csv para este año,Rendimiento del capital invertido < 0.,NO
2021,34,ROIC,Rentabilidad,Utilidad operativa despues de impuestos / ((Capital invertido actual + anterior) / 2),0.769098,OK,ROIC negativo. Valor 0.769098 dentro de rango normal.,Rendimiento del capital invertido < 0.,NO
2022,34,ROIC,Rentabilidad,Utilidad operativa despues de impuestos / ((Capital invertido actual + anterior) / 2),0.696987,OK,ROIC negativo. Valor 0.696987 dentro de rango normal.,Rendimiento del capital invertido < 0.,NO
2023,34,ROIC,Rentabilidad,Utilidad operativa despues de impuestos / ((Capital invertido actual + anterior) / 2),0.336844,OK,ROIC negativo. Valor 0.336844 dentro de rango normal.,Rendimiento del capital invertido < 0.,NO
2024,34,ROIC,Rentabilidad,Utilidad operativa despues de impuestos / ((Capital invertido actual + anterior) / 2),0.223575,OK,ROIC negativo. Valor 0.223575 dentro de rango normal.,Rendimiento del capital invertido < 0.,NO
2025,34,ROIC,Rentabilidad,Utilidad operativa despues de impuestos / ((Capital invertido actual + anterior) / 2),0.365617,OK,ROIC negativo. Valor 0.365617 dentro de rango normal.,Rendimiento del capital invertido < 0.,NO
2020,35,Rendimiento sobre capital total,Rentabilidad,UODI / ((Capital total actual + anterior) / 2),,NO_ENCONTRADO,Sin valor en indicadores.csv para este año,Retorno sobre capital total < 0.,NO
2021,35,Rendimiento sobre capital total,Rentabilidad,UODI / ((Capital total actual + anterior) / 2),0.769098,OK,Rendimiento sobre capital total < 0. Valor 0.769098 dentro de rango normal.,Retorno sobre capital total < 0.,NO
2022,35,Rendimiento sobre capital total,Rentabilidad,UODI / ((Capital total actual + anterior) / 2),0.696987,OK,Rendimiento sobre capital total < 0. Valor 0.696987 dentro de rango normal.,Retorno sobre capital total < 0.,NO
2023,35,Rendimiento sobre capital total,Rentabilidad,UODI / ((Capital total actual + anterior) / 2),0.336844,OK,Rendimiento sobre capital total < 0. Valor 0.336844 dentro de rango normal.,Retorno sobre capital total < 0.,NO
2024,35,Rendimiento sobre capital total,Rentabilidad,UODI / ((Capital total actual + anterior) / 2),0.223575,OK,Rendimiento sobre capital total < 0. Valor 0.223575 dentro de rango normal.,Retorno sobre capital total < 0.,NO
2025,35,Rendimiento sobre capital total,Rentabilidad,UODI / ((Capital total actual + anterior) / 2),0.365617,OK,Rendimiento sobre capital total < 0. Valor 0.365617 dentro de rango normal.,Retorno sobre capital total < 0.,NO
2020,36,Ciclo operativo,Capital de trabajo y ciclo,Dias de inventario + Dias de cartera,,NO_APLICA_TIPO_ENTIDAD,Condicional por tipo de entidad: requiere inventarios/compras/costo de ventas.,RAZONAMIENTO_DECISIONES.md (Capa 4).,SI
2021,36,Ciclo operativo,Capital de trabajo y ciclo,Dias de inventario + Dias de cartera,,NO_APLICA_TIPO_ENTIDAD,Condicional por tipo de entidad: requiere inventarios/compras/costo de ventas.,RAZONAMIENTO_DECISIONES.md (Capa 4).,SI
2022,36,Ciclo operativo,Capital de trabajo y ciclo,Dias de inventario + Dias de cartera,,NO_APLICA_TIPO_ENTIDAD,Condicional por tipo de entidad: requiere inventarios/compras/costo de ventas.,RAZONAMIENTO_DECISIONES.md (Capa 4).,SI
2023,36,Ciclo operativo,Capital de trabajo y ciclo,Dias de inventario + Dias de cartera,,NO_APLICA_TIPO_ENTIDAD,Condicional por tipo de entidad: requiere inventarios/compras/costo de ventas.,RAZONAMIENTO_DECISIONES.md (Capa 4).,SI
2024,36,Ciclo operativo,Capital de trabajo y ciclo,Dias de inventario + Dias de cartera,,NO_APLICA_TIPO_ENTIDAD,Condicional por tipo de entidad: requiere inventarios/compras/costo de ventas.,RAZONAMIENTO_DECISIONES.md (Capa 4).,SI
2025,36,Ciclo operativo,Capital de trabajo y ciclo,Dias de inventario + Dias de cartera,,NO_APLICA_TIPO_ENTIDAD,Condicional por tipo de entidad: requiere inventarios/compras/costo de ventas.,RAZONAMIENTO_DECISIONES.md (Capa 4).,SI
2020,37,Ciclo de conversion de efectivo,Capital de trabajo y ciclo,Dias de inventario + Dias de cartera - Dias de proveedores,,NO_APLICA_TIPO_ENTIDAD,Condicional por tipo de entidad: requiere inventarios/compras/costo de ventas.,RAZONAMIENTO_DECISIONES.md (Capa 4).,SI
2021,37,Ciclo de conversion de efectivo,Capital de trabajo y ciclo,Dias de inventario + Dias de cartera - Dias de proveedores,,NO_APLICA_TIPO_ENTIDAD,Condicional por tipo de entidad: requiere inventarios/compras/costo de ventas.,RAZONAMIENTO_DECISIONES.md (Capa 4).,SI
2022,37,Ciclo de conversion de efectivo,Capital de trabajo y ciclo,Dias de inventario + Dias de cartera - Dias de proveedores,,NO_APLICA_TIPO_ENTIDAD,Condicional por tipo de entidad: requiere inventarios/compras/costo de ventas.,RAZONAMIENTO_DECISIONES.md (Capa 4).,SI
2023,37,Ciclo de conversion de efectivo,Capital de trabajo y ciclo,Dias de inventario + Dias de cartera - Dias de proveedores,,NO_APLICA_TIPO_ENTIDAD,Condicional por tipo de entidad: requiere inventarios/compras/costo de ventas.,RAZONAMIENTO_DECISIONES.md (Capa 4).,SI
2024,37,Ciclo de conversion de efectivo,Capital de trabajo y ciclo,Dias de inventario + Dias de cartera - Dias de proveedores,,NO_APLICA_TIPO_ENTIDAD,Condicional por tipo de entidad: requiere inventarios/compras/costo de ventas.,RAZONAMIENTO_DECISIONES.md (Capa 4).,SI
2025,37,Ciclo de conversion de efectivo,Capital de trabajo y ciclo,Dias de inventario + Dias de cartera - Dias de proveedores,,NO_APLICA_TIPO_ENTIDAD,Condicional por tipo de entidad: requiere inventarios/compras/costo de ventas.,RAZONAMIENTO_DECISIONES.md (Capa 4).,SI
2020,38,Necesidad de capital de trabajo,Capital de trabajo y ciclo,Activo corriente operativo - Pasivo corriente operativo,54602,OK,Indicador informativo sin umbral de screening.,,NO
2021,38,Necesidad de capital de trabajo,Capital de trabajo y ciclo,Activo corriente operativo - Pasivo corriente operativo,33754,OK,Indicador informativo sin umbral de screening.,,NO
2022,38,Necesidad de capital de trabajo,Capital de trabajo y ciclo,Activo corriente operativo - Pasivo corriente operativo,49391,OK,Indicador informativo sin umbral de screening.,,NO
2023,38,Necesidad de capital de trabajo,Capital de trabajo y ciclo,Activo corriente operativo - Pasivo corriente operativo,35341,OK,Indicador informativo sin umbral de screening.,,NO
2024,38,Necesidad de capital de trabajo,Capital de trabajo y ciclo,Activo corriente operativo - Pasivo corriente operativo,51666,OK,Indicador informativo sin umbral de screening.,,NO
2025,38,Necesidad de capital de trabajo,Capital de trabajo y ciclo,Activo corriente operativo - Pasivo corriente operativo,80770,OK,Indicador informativo sin umbral de screening.,,NO
2020,39,Capital de trabajo / Ingresos Operacionales,Capital de trabajo y ciclo,Capital de trabajo / Ingresos,1.43019,OK,Indicador informativo sin umbral de screening.,,NO
2021,39,Capital de trabajo / Ingresos Operacionales,Capital de trabajo y ciclo,Capital de trabajo / Ingresos,1.32765,OK,Indicador informativo sin umbral de screening.,,NO
2022,39,Capital de trabajo / Ingresos Operacionales,Capital de trabajo y ciclo,Capital de trabajo / Ingresos,1.1494,OK,Indicador informativo sin umbral de screening.,,NO
2023,39,Capital de trabajo / Ingresos Operacionales,Capital de trabajo y ciclo,Capital de trabajo / Ingresos,1.30523,OK,Indicador informativo sin umbral de screening.,,NO
2024,39,Capital de trabajo / Ingresos Operacionales,Capital de trabajo y ciclo,Capital de trabajo / Ingresos,1.07273,OK,Indicador informativo sin umbral de screening.,,NO
2025,39,Capital de trabajo / Ingresos Operacionales,Capital de trabajo y ciclo,Capital de trabajo / Ingresos,1.03012,OK,Indicador informativo sin umbral de screening.,,NO
2020,40,Cobertura de intereses,Cobertura y capacidad de pago,EBIT / Gastos financieros,92.9429,OK,Cobertura de intereses (EBIT/gasto financiero). Valor 92.9429 dentro de rango normal.,"Convención: < 3 vigilancia; < 1,5 riesgo de incumplimiento del servicio de deuda.",NO
2021,40,Cobertura de intereses,Cobertura y capacidad de pago,EBIT / Gastos financieros,127.322,OK,Cobertura de intereses (EBIT/gasto financiero). Valor 127.322 dentro de rango normal.,"Convención: < 3 vigilancia; < 1,5 riesgo de incumplimiento del servicio de deuda.",NO
2022,40,Cobertura de intereses,Cobertura y capacidad de pago,EBIT / Gastos financieros,138.769,OK,Cobertura de intereses (EBIT/gasto financiero). Valor 138.769 dentro de rango normal.,"Convención: < 3 vigilancia; < 1,5 riesgo de incumplimiento del servicio de deuda.",NO
2023,40,Cobertura de intereses,Cobertura y capacidad de pago,EBIT / Gastos financieros,102.739,OK,Cobertura de intereses (EBIT/gasto financiero). Valor 102.739 dentro de rango normal.,"Convención: < 3 vigilancia; < 1,5 riesgo de incumplimiento del servicio de deuda.",NO
2024,40,Cobertura de intereses,Cobertura y capacidad de pago,EBIT / Gastos financieros,56.7683,OK,Cobertura de intereses (EBIT/gasto financiero). Valor 56.7683 dentro de rango normal.,"Convención: < 3 vigilancia; < 1,5 riesgo de incumplimiento del servicio de deuda.",NO
2025,40,Cobertura de intereses,Cobertura y capacidad de pago,EBIT / Gastos financieros,96.7872,OK,Cobertura de intereses (EBIT/gasto financiero). Valor 96.7872 dentro de rango normal.,"Convención: < 3 vigilancia; < 1,5 riesgo de incumplimiento del servicio de deuda.",NO
2020,41,Cobertura de intereses EBITDA,Cobertura y capacidad de pago,EBITDA / Gastos financieros,107.905,OK,Cobertura de intereses con EBITDA. Valor 107.905 dentro de rango normal.,Igual criterio con EBITDA.,NO
2021,41,Cobertura de intereses EBITDA,Cobertura y capacidad de pago,EBITDA / Gastos financieros,146.753,OK,Cobertura de intereses con EBITDA. Valor 146.753 dentro de rango normal.,Igual criterio con EBITDA.,NO
2022,41,Cobertura de intereses EBITDA,Cobertura y capacidad de pago,EBITDA / Gastos financieros,162.097,OK,Cobertura de intereses con EBITDA. Valor 162.097 dentro de rango normal.,Igual criterio con EBITDA.,NO
2023,41,Cobertura de intereses EBITDA,Cobertura y capacidad de pago,EBITDA / Gastos financieros,118.172,OK,Cobertura de intereses con EBITDA. Valor 118.172 dentro de rango normal.,Igual criterio con EBITDA.,NO
2024,41,Cobertura de intereses EBITDA,Cobertura y capacidad de pago,EBITDA / Gastos financieros,78.0849,OK,Cobertura de intereses con EBITDA. Valor 78.0849 dentro de rango normal.,Igual criterio con EBITDA.,NO
2025,41,Cobertura de intereses EBITDA,Cobertura y capacidad de pago,EBITDA / Gastos financieros,124.282,OK,Cobertura de intereses con EBITDA. Valor 124.282 dentro de rango normal.,Igual criterio con EBITDA.,NO
2020,42,Variacion de cuentas por cobrar,Cobertura y capacidad de pago,CxC actual / CxC anterior,,NO_ENCONTRADO,Sin valor en indicadores.csv para este año,CxC creciendo más que los ingresos (desfase recaudo vs ventas) es señal de calidad del recaudo.,NO
2021,42,Variacion de cuentas por cobrar,Cobertura y capacidad de pago,CxC actual / CxC anterior,1.13039,OK,Variación de cuentas por cobrar. Valor 1.13039 dentro de rango normal.,CxC creciendo más que los ingresos (desfase recaudo vs ventas) es señal de calidad del recaudo.,NO
2022,42,Variacion de cuentas por cobrar,Cobertura y capacidad de pago,CxC actual / CxC anterior,1.23871,OK,Variación de cuentas por cobrar. Valor 1.23871 dentro de rango normal.,CxC creciendo más que los ingresos (desfase recaudo vs ventas) es señal de calidad del recaudo.,NO
2023,42,Variacion de cuentas por cobrar,Cobertura y capacidad de pago,CxC actual / CxC anterior,0.768485,OK,Variación de cuentas por cobrar. Valor 0.768485 dentro de rango normal.,CxC creciendo más que los ingresos (desfase recaudo vs ventas) es señal de calidad del recaudo.,NO
2024,42,Variacion de cuentas por cobrar,Cobertura y capacidad de pago,CxC actual / CxC anterior,0.584527,OK,Variación de cuentas por cobrar. Valor 0.584527 dentro de rango normal.,CxC creciendo más que los ingresos (desfase recaudo vs ventas) es señal de calidad del recaudo.,NO
2025,42,Variacion de cuentas por cobrar,Cobertura y capacidad de pago,CxC actual / CxC anterior,2.11093,SEÑAL_ALERTA,Variación de cuentas por cobrar. Valor 2.11093 > umbral de alerta 2.,CxC creciendo más que los ingresos (desfase recaudo vs ventas) es señal de calidad del recaudo.,NO
2020,43,Variacion inventarios,Cobertura y capacidad de pago,Inventarios actual / anterior,,NO_APLICA_TIPO_ENTIDAD,Condicional por tipo de entidad: requiere inventarios/compras/costo de ventas.,RAZONAMIENTO_DECISIONES.md (Capa 4).,SI
2021,43,Variacion inventarios,Cobertura y capacidad de pago,Inventarios actual / anterior,,NO_APLICA_TIPO_ENTIDAD,Condicional por tipo de entidad: requiere inventarios/compras/costo de ventas.,RAZONAMIENTO_DECISIONES.md (Capa 4).,SI
2022,43,Variacion inventarios,Cobertura y capacidad de pago,Inventarios actual / anterior,,NO_APLICA_TIPO_ENTIDAD,Condicional por tipo de entidad: requiere inventarios/compras/costo de ventas.,RAZONAMIENTO_DECISIONES.md (Capa 4).,SI
2023,43,Variacion inventarios,Cobertura y capacidad de pago,Inventarios actual / anterior,,NO_APLICA_TIPO_ENTIDAD,Condicional por tipo de entidad: requiere inventarios/compras/costo de ventas.,RAZONAMIENTO_DECISIONES.md (Capa 4).,SI
2024,43,Variacion inventarios,Cobertura y capacidad de pago,Inventarios actual / anterior,,NO_APLICA_TIPO_ENTIDAD,Condicional por tipo de entidad: requiere inventarios/compras/costo de ventas.,RAZONAMIENTO_DECISIONES.md (Capa 4).,SI
2025,43,Variacion inventarios,Cobertura y capacidad de pago,Inventarios actual / anterior,,NO_APLICA_TIPO_ENTIDAD,Condicional por tipo de entidad: requiere inventarios/compras/costo de ventas.,RAZONAMIENTO_DECISIONES.md (Capa 4).,SI
2020,44,Variacion de cuentas por pagar,Cobertura y capacidad de pago,CxP actual / CxP anterior,,NO_ENCONTRADO,Sin valor en indicadores.csv para este año,Crecimiento acelerado de CxP puede reflejar presión de caja (se recauda menos). Tan solo screening.,NO
2021,44,Variacion de cuentas por pagar,Cobertura y capacidad de pago,CxP actual / CxP anterior,1.13746,OK,Variación de cuentas por pagar. Valor 1.13746 dentro de rango normal.,Crecimiento acelerado de CxP puede reflejar presión de caja (se recauda menos). Tan solo screening.,NO
2022,44,Variacion de cuentas por pagar,Cobertura y capacidad de pago,CxP actual / CxP anterior,0.849586,OK,Variación de cuentas por pagar. Valor 0.849586 dentro de rango normal.,Crecimiento acelerado de CxP puede reflejar presión de caja (se recauda menos). Tan solo screening.,NO
2023,44,Variacion de cuentas por pagar,Cobertura y capacidad de pago,CxP actual / CxP anterior,1.27804,OK,Variación de cuentas por pagar. Valor 1.27804 dentro de rango normal.,Crecimiento acelerado de CxP puede reflejar presión de caja (se recauda menos). Tan solo screening.,NO
2024,44,Variacion de cuentas por pagar,Cobertura y capacidad de pago,CxP actual / CxP anterior,0.604566,OK,Variación de cuentas por pagar. Valor 0.604566 dentro de rango normal.,Crecimiento acelerado de CxP puede reflejar presión de caja (se recauda menos). Tan solo screening.,NO
2025,44,Variacion de cuentas por pagar,Cobertura y capacidad de pago,CxP actual / CxP anterior,0.855504,OK,Variación de cuentas por pagar. Valor 0.855504 dentro de rango normal.,Crecimiento acelerado de CxP puede reflejar presión de caja (se recauda menos). Tan solo screening.,NO
2020,45,Variacion de otros activos corrientes operativos,Cobertura y capacidad de pago,Otros activos corrientes operativos actual / anterior,,NO_ENCONTRADO,Sin valor en indicadores.csv para este año,Crecimiento rápido de otros activos corrientes pide explicación (screening).,NO
2021,45,Variacion de otros activos corrientes operativos,Cobertura y capacidad de pago,Otros activos corrientes operativos actual / anterior,1.5914,OK,Variación otros corrientes operativos (activo). Valor 1.5914 dentro de rango normal.,Crecimiento rápido de otros activos corrientes pide explicación (screening).,NO
2022,45,Variacion de otros activos corrientes operativos,Cobertura y capacidad de pago,Otros activos corrientes operativos actual / anterior,1.17959,OK,Variación otros corrientes operativos (activo). Valor 1.17959 dentro de rango normal.,Crecimiento rápido de otros activos corrientes pide explicación (screening).,NO
2023,45,Variacion de otros activos corrientes operativos,Cobertura y capacidad de pago,Otros activos corrientes operativos actual / anterior,1.24691,OK,Variación otros corrientes operativos (activo). Valor 1.24691 dentro de rango normal.,Crecimiento rápido de otros activos corrientes pide explicación (screening).,NO
2024,45,Variacion de otros activos corrientes operativos,Cobertura y capacidad de pago,Otros activos corrientes operativos actual / anterior,1.15377,OK,Variación otros corrientes operativos (activo). Valor 1.15377 dentro de rango normal.,Crecimiento rápido de otros activos corrientes pide explicación (screening).,NO
2025,45,Variacion de otros activos corrientes operativos,Cobertura y capacidad de pago,Otros activos corrientes operativos actual / anterior,1.07523,OK,Variación otros corrientes operativos (activo). Valor 1.07523 dentro de rango normal.,Crecimiento rápido de otros activos corrientes pide explicación (screening).,NO
2020,46,Variacion de otros pasivos corrientes operativos,Cobertura y capacidad de pago,Otros pasivos corrientes operativos actual / anterior,,NO_ENCONTRADO,Sin valor en indicadores.csv para este año,Crecimiento acelerado de partidas corrientes pendientes.,NO
2021,46,Variacion de otros pasivos corrientes operativos,Cobertura y capacidad de pago,Otros pasivos corrientes operativos actual / anterior,1.10505,OK,Variación otros pasivos corrientes operativos. Valor 1.10505 dentro de rango normal.,Crecimiento acelerado de partidas corrientes pendientes.,NO
2022,46,Variacion de otros pasivos corrientes operativos,Cobertura y capacidad de pago,Otros pasivos corrientes operativos actual / anterior,1.05744,OK,Variación otros pasivos corrientes operativos. Valor 1.05744 dentro de rango normal.,Crecimiento acelerado de partidas corrientes pendientes.,NO
2023,46,Variacion de otros pasivos corrientes operativos,Cobertura y capacidad de pago,Otros pasivos corrientes operativos actual / anterior,1.24796,OK,Variación otros pasivos corrientes operativos. Valor 1.24796 dentro de rango normal.,Crecimiento acelerado de partidas corrientes pendientes.,NO
2024,46,Variacion de otros pasivos corrientes operativos,Cobertura y capacidad de pago,Otros pasivos corrientes operativos actual / anterior,0.96235,OK,Variación otros pasivos corrientes operativos. Valor 0.96235 dentro de rango normal.,Crecimiento acelerado de partidas corrientes pendientes.,NO
2025,46,Variacion de otros pasivos corrientes operativos,Cobertura y capacidad de pago,Otros pasivos corrientes operativos actual / anterior,1.34351,OK,Variación otros pasivos corrientes operativos. Valor 1.34351 dentro de rango normal.,Crecimiento acelerado de partidas corrientes pendientes.,NO
2020,47,"Variacion Propiedades, planta y equipo",Cobertura y capacidad de pago,PyE actual / PyE anterior,,NO_ENCONTRADO,Indicador informativo sin umbral de screening.,,NO
2021,47,"Variacion Propiedades, planta y equipo",Cobertura y capacidad de pago,PyE actual / PyE anterior,0.92326,OK,Indicador informativo sin umbral de screening.,,NO
2022,47,"Variacion Propiedades, planta y equipo",Cobertura y capacidad de pago,PyE actual / PyE anterior,1.11538,OK,Indicador informativo sin umbral de screening.,,NO
2023,47,"Variacion Propiedades, planta y equipo",Cobertura y capacidad de pago,PyE actual / PyE anterior,0.999725,OK,Indicador informativo sin umbral de screening.,,NO
2024,47,"Variacion Propiedades, planta y equipo",Cobertura y capacidad de pago,PyE actual / PyE anterior,0.973704,OK,Indicador informativo sin umbral de screening.,,NO
2025,47,"Variacion Propiedades, planta y equipo",Cobertura y capacidad de pago,PyE actual / PyE anterior,1.23356,OK,Indicador informativo sin umbral de screening.,,NO
2020,48,Variacion Activos intangibles,Cobertura y capacidad de pago,Intangibles actual / anterior,,NO_ENCONTRADO,Indicador informativo sin umbral de screening.,,NO
2021,48,Variacion Activos intangibles,Cobertura y capacidad de pago,Intangibles actual / anterior,0.802631,OK,Indicador informativo sin umbral de screening.,,NO
2022,48,Variacion Activos intangibles,Cobertura y capacidad de pago,Intangibles actual / anterior,0.56305,OK,Indicador informativo sin umbral de screening.,,NO
2023,48,Variacion Activos intangibles,Cobertura y capacidad de pago,Intangibles actual / anterior,1.39583,OK,Indicador informativo sin umbral de screening.,,NO
2024,48,Variacion Activos intangibles,Cobertura y capacidad de pago,Intangibles actual / anterior,1.01185,OK,Indicador informativo sin umbral de screening.,,NO
2025,48,Variacion Activos intangibles,Cobertura y capacidad de pago,Intangibles actual / anterior,0.999349,OK,Indicador informativo sin umbral de screening.,,NO
2020,49,Variacion Otros activos no corrientes operativos,Cobertura y capacidad de pago,Otros activos no corrientes operativos actual / anterior,,NO_ENCONTRADO,Indicador informativo sin umbral de screening.,,NO
2021,49,Variacion Otros activos no corrientes operativos,Cobertura y capacidad de pago,Otros activos no corrientes operativos actual / anterior,0.783795,OK,Indicador informativo sin umbral de screening.,,NO
2022,49,Variacion Otros activos no corrientes operativos,Cobertura y capacidad de pago,Otros activos no corrientes operativos actual / anterior,0.639594,OK,Indicador informativo sin umbral de screening.,,NO
2023,49,Variacion Otros activos no corrientes operativos,Cobertura y capacidad de pago,Otros activos no corrientes operativos actual / anterior,1.22541,OK,Indicador informativo sin umbral de screening.,,NO
2024,49,Variacion Otros activos no corrientes operativos,Cobertura y capacidad de pago,Otros activos no corrientes operativos actual / anterior,0.996781,OK,Indicador informativo sin umbral de screening.,,NO
2025,49,Variacion Otros activos no corrientes operativos,Cobertura y capacidad de pago,Otros activos no corrientes operativos actual / anterior,0.947775,OK,Indicador informativo sin umbral de screening.,,NO
2020,50,Flujo de caja operativo,Cobertura y capacidad de pago,EBITDA - Impuesto de renta + Variacion capital de trabajo,72603,OK,Flujo de caja operativo negativo. Valor 72603 dentro de rango normal.,El FCO < 0 implica operación financiada con deuda o patrimonio.,NO
2021,50,Flujo de caja operativo,Cobertura y capacidad de pago,EBITDA - Impuesto de renta + Variacion capital de trabajo,55705,OK,Flujo de caja operativo negativo. Valor 55705 dentro de rango normal.,El FCO < 0 implica operación financiada con deuda o patrimonio.,NO
2022,50,Flujo de caja operativo,Cobertura y capacidad de pago,EBITDA - Impuesto de renta + Variacion capital de trabajo,86292,OK,Flujo de caja operativo negativo. Valor 86292 dentro de rango normal.,El FCO < 0 implica operación financiada con deuda o patrimonio.,NO
2023,50,Flujo de caja operativo,Cobertura y capacidad de pago,EBITDA - Impuesto de renta + Variacion capital de trabajo,22595,OK,Flujo de caja operativo negativo. Valor 22595 dentro de rango normal.,El FCO < 0 implica operación financiada con deuda o patrimonio.,NO
2024,50,Flujo de caja operativo,Cobertura y capacidad de pago,EBITDA - Impuesto de renta + Variacion capital de trabajo,48620,OK,Flujo de caja operativo negativo. Valor 48620 dentro de rango normal.,El FCO < 0 implica operación financiada con deuda o patrimonio.,NO
2025,50,Flujo de caja operativo,Cobertura y capacidad de pago,EBITDA - Impuesto de renta + Variacion capital de trabajo,73394,OK,Flujo de caja operativo negativo. Valor 73394 dentro de rango normal.,El FCO < 0 implica operación financiada con deuda o patrimonio.,NO
2020,51,Flujo de caja disponible para deuda,Cobertura y capacidad de pago,FCO - Variacion PyE - Variacion intangibles - Variacion Otros activos NC operativos,,NO_ENCONTRADO,Sin valor en indicadores.csv para este año,FCDD < 0 -> sin recursos para atender acreedores.,NO
2021,51,Flujo de caja disponible para deuda,Cobertura y capacidad de pago,FCO - Variacion PyE - Variacion intangibles - Variacion Otros activos NC operativos,64941,OK,Flujo de caja disponible para deuda negativo. Valor 64941 dentro de rango normal.,FCDD < 0 -> sin recursos para atender acreedores.,NO
2022,51,Flujo de caja disponible para deuda,Cobertura y capacidad de pago,FCO - Variacion PyE - Variacion intangibles - Variacion Otros activos NC operativos,96049,OK,Flujo de caja disponible para deuda negativo. Valor 96049 dentro de rango normal.,FCDD < 0 -> sin recursos para atender acreedores.,NO
2023,51,Flujo de caja disponible para deuda,Cobertura y capacidad de pago,FCO - Variacion PyE - Variacion intangibles - Variacion Otros activos NC operativos,17387,OK,Flujo de caja disponible para deuda negativo. Valor 17387 dentro de rango normal.,FCDD < 0 -> sin recursos para atender acreedores.,NO
2024,51,Flujo de caja disponible para deuda,Cobertura y capacidad de pago,FCO - Variacion PyE - Variacion intangibles - Variacion Otros activos NC operativos,49036,OK,Flujo de caja disponible para deuda negativo. Valor 49036 dentro de rango normal.,FCDD < 0 -> sin recursos para atender acreedores.,NO
2025,51,Flujo de caja disponible para deuda,Cobertura y capacidad de pago,FCO - Variacion PyE - Variacion intangibles - Variacion Otros activos NC operativos,70010,OK,Flujo de caja disponible para deuda negativo. Valor 70010 dentro de rango normal.,FCDD < 0 -> sin recursos para atender acreedores.,NO
2020,52,Servicio de la deuda,Cobertura y capacidad de pago,Gastos financieros + Amortizacion de deuda,2151,OK,Indicador informativo sin umbral de screening.,,NO
2021,52,Servicio de la deuda,Cobertura y capacidad de pago,Gastos financieros + Amortizacion de deuda,1892,OK,Indicador informativo sin umbral de screening.,,NO
2022,52,Servicio de la deuda,Cobertura y capacidad de pago,Gastos financieros + Amortizacion de deuda,2205,OK,Indicador informativo sin umbral de screening.,,NO
2023,52,Servicio de la deuda,Cobertura y capacidad de pago,Gastos financieros + Amortizacion de deuda,2130,OK,Indicador informativo sin umbral de screening.,,NO
2024,52,Servicio de la deuda,Cobertura y capacidad de pago,Gastos financieros + Amortizacion de deuda,2478,OK,Indicador informativo sin umbral de screening.,,NO
2025,52,Servicio de la deuda,Cobertura y capacidad de pago,Gastos financieros + Amortizacion de deuda,2724,OK,Indicador informativo sin umbral de screening.,,NO
2020,53,Indice de Cobertura del Servicio de la Deuda,Cobertura y capacidad de pago,Flujo de caja disponible para deuda / Servicio total de la deuda,,NO_ENCONTRADO,Sin valor en indicadores.csv para este año,"DSCR < 1,2 vigilancia; < 1,0 no cubre el servicio total.",NO
2021,53,Indice de Cobertura del Servicio de la Deuda,Cobertura y capacidad de pago,Flujo de caja disponible para deuda / Servicio total de la deuda,34.324,OK,DSCR (cobertura del servicio de la deuda). Valor 34.324 dentro de rango normal.,"DSCR < 1,2 vigilancia; < 1,0 no cubre el servicio total.",NO
2022,53,Indice de Cobertura del Servicio de la Deuda,Cobertura y capacidad de pago,Flujo de caja disponible para deuda / Servicio total de la deuda,43.5596,OK,DSCR (cobertura del servicio de la deuda). Valor 43.5596 dentro de rango normal.,"DSCR < 1,2 vigilancia; < 1,0 no cubre el servicio total.",NO
2023,53,Indice de Cobertura del Servicio de la Deuda,Cobertura y capacidad de pago,Flujo de caja disponible para deuda / Servicio total de la deuda,8.16291,OK,DSCR (cobertura del servicio de la deuda). Valor 8.16291 dentro de rango normal.,"DSCR < 1,2 vigilancia; < 1,0 no cubre el servicio total.",NO
2024,53,Indice de Cobertura del Servicio de la Deuda,Cobertura y capacidad de pago,Flujo de caja disponible para deuda / Servicio total de la deuda,19.7885,OK,DSCR (cobertura del servicio de la deuda). Valor 19.7885 dentro de rango normal.,"DSCR < 1,2 vigilancia; < 1,0 no cubre el servicio total.",NO
2025,53,Indice de Cobertura del Servicio de la Deuda,Cobertura y capacidad de pago,Flujo de caja disponible para deuda / Servicio total de la deuda,25.7012,OK,DSCR (cobertura del servicio de la deuda). Valor 25.7012 dentro de rango normal.,"DSCR < 1,2 vigilancia; < 1,0 no cubre el servicio total.",NO
2020,54,Deuda financiera,Cobertura y capacidad de pago,Obligaciones financieras corrientes + Obligaciones no corrientes,9689,OK,Deuda financiera negativa. Valor 9689 dentro de rango normal.,Screening de coherencia.,NO
2021,54,Deuda financiera,Cobertura y capacidad de pago,Obligaciones financieras corrientes + Obligaciones no corrientes,7767,OK,Deuda financiera negativa. Valor 7767 dentro de rango normal.,Screening de coherencia.,NO
2022,54,Deuda financiera,Cobertura y capacidad de pago,Obligaciones financieras corrientes + Obligaciones no corrientes,6207,OK,Deuda financiera negativa. Valor 6207 dentro de rango normal.,Screening de coherencia.,NO
2023,54,Deuda financiera,Cobertura y capacidad de pago,Obligaciones financieras corrientes + Obligaciones no corrientes,6331,OK,Deuda financiera negativa. Valor 6331 dentro de rango normal.,Screening de coherencia.,NO
2024,54,Deuda financiera,Cobertura y capacidad de pago,Obligaciones financieras corrientes + Obligaciones no corrientes,6117,OK,Deuda financiera negativa. Valor 6117 dentro de rango normal.,Screening de coherencia.,NO
2025,54,Deuda financiera,Cobertura y capacidad de pago,Obligaciones financieras corrientes + Obligaciones no corrientes,5306,OK,Deuda financiera negativa. Valor 5306 dentro de rango normal.,Screening de coherencia.,NO
2020,55,Deuda financiera / EBITDA,Cobertura y capacidad de pago,Obligaciones Financieras / EBITDA,0.0967584,OK,Deuda financiera / EBITDA. Valor 0.0967584 dentro de rango normal.,Capacidad de pago; > 3x vigilancia; > 4x señal de sobreendeudamiento.,NO
2021,55,Deuda financiera / EBITDA,Cobertura y capacidad de pago,Obligaciones Financieras / EBITDA,0.0709458,OK,Deuda financiera / EBITDA. Valor 0.0709458 dentro de rango normal.,Capacidad de pago; > 3x vigilancia; > 4x señal de sobreendeudamiento.,NO
2022,55,Deuda financiera / EBITDA,Cobertura y capacidad de pago,Obligaciones Financieras / EBITDA,0.0571521,OK,Deuda financiera / EBITDA. Valor 0.0571521 dentro de rango normal.,Capacidad de pago; > 3x vigilancia; > 4x señal de sobreendeudamiento.,NO
2023,55,Deuda financiera / EBITDA,Cobertura y capacidad de pago,Obligaciones Financieras / EBITDA,0.0803212,OK,Deuda financiera / EBITDA. Valor 0.0803212 dentro de rango normal.,Capacidad de pago; > 3x vigilancia; > 4x señal de sobreendeudamiento.,NO
2024,55,Deuda financiera / EBITDA,Cobertura y capacidad de pago,Obligaciones Financieras / EBITDA,0.112716,OK,Deuda financiera / EBITDA. Valor 0.112716 dentro de rango normal.,Capacidad de pago; > 3x vigilancia; > 4x señal de sobreendeudamiento.,NO
2025,55,Deuda financiera / EBITDA,Cobertura y capacidad de pago,Obligaciones Financieras / EBITDA,0.0738637,OK,Deuda financiera / EBITDA. Valor 0.0738637 dentro de rango normal.,Capacidad de pago; > 3x vigilancia; > 4x señal de sobreendeudamiento.,NO
2020,56,Deuda financiera neta / EBITDA,Cobertura y capacidad de pago,(Deuda financiera - Efectivo) / EBITDA,-0.341895,OK,Deuda financiera neta / EBITDA. Valor -0.341895 dentro de rango normal.,Posición neta; > 3x vigilancia; > 4x señal.,NO
2021,56,Deuda financiera neta / EBITDA,Cobertura y capacidad de pago,(Deuda financiera - Efectivo) / EBITDA,-0.120791,OK,Deuda financiera neta / EBITDA. Valor -0.120791 dentro de rango normal.,Posición neta; > 3x vigilancia; > 4x señal.,NO
2022,56,Deuda financiera neta / EBITDA,Cobertura y capacidad de pago,(Deuda financiera - Efectivo) / EBITDA,-0.132149,OK,Deuda financiera neta / EBITDA. Valor -0.132149 dentro de rango normal.,Posición neta; > 3x vigilancia; > 4x señal.,NO
2023,56,Deuda financiera neta / EBITDA,Cobertura y capacidad de pago,(Deuda financiera - Efectivo) / EBITDA,-0.266452,OK,Deuda financiera neta / EBITDA. Valor -0.266452 dentro de rango normal.,Posición neta; > 3x vigilancia; > 4x señal.,NO
2024,56,Deuda financiera neta / EBITDA,Cobertura y capacidad de pago,(Deuda financiera - Efectivo) / EBITDA,-0.754611,OK,Deuda financiera neta / EBITDA. Valor -0.754611 dentro de rango normal.,Posición neta; > 3x vigilancia; > 4x señal.,NO
2025,56,Deuda financiera neta / EBITDA,Cobertura y capacidad de pago,(Deuda financiera - Efectivo) / EBITDA,-0.566771,OK,Deuda financiera neta / EBITDA. Valor -0.566771 dentro de rango normal.,Posición neta; > 3x vigilancia; > 4x señal.,NO
2020,57,Crecimiento de ingresos,Crecimiento,(Ingresos actual / Ingresos anterior) - 1,,NO_ENCONTRADO,Sin valor en indicadores.csv para este año,Caída de ingresos > 20% vigila; > 30% señal de contracción.,NO
2021,57,Crecimiento de ingresos,Crecimiento,(Ingresos actual / Ingresos anterior) - 1,0.0379221,OK,Crecimiento de ingresos. Valor 0.0379221 dentro de rango normal.,Caída de ingresos > 20% vigila; > 30% señal de contracción.,NO
2022,57,Crecimiento de ingresos,Crecimiento,(Ingresos actual / Ingresos anterior) - 1,0.0769848,OK,Crecimiento de ingresos. Valor 0.0769848 dentro de rango normal.,Caída de ingresos > 20% vigila; > 30% señal de contracción.,NO
2023,57,Crecimiento de ingresos,Crecimiento,(Ingresos actual / Ingresos anterior) - 1,0.00440028,OK,Crecimiento de ingresos. Valor 0.00440028 dentro de rango normal.,Caída de ingresos > 20% vigila; > 30% señal de contracción.,NO
2024,57,Crecimiento de ingresos,Crecimiento,(Ingresos actual / Ingresos anterior) - 1,0.0262408,OK,Crecimiento de ingresos. Valor 0.0262408 dentro de rango normal.,Caída de ingresos > 20% vigila; > 30% señal de contracción.,NO
2025,57,Crecimiento de ingresos,Crecimiento,(Ingresos actual / Ingresos anterior) - 1,0.150168,OK,Crecimiento de ingresos. Valor 0.150168 dentro de rango normal.,Caída de ingresos > 20% vigila; > 30% señal de contracción.,NO
2020,58,Crecimiento del EBITDA,Crecimiento,(EBITDA actual / EBITDA anterior) - 1,,NO_ENCONTRADO,Sin valor en indicadores.csv para este año,Caída del EBITDA > 20% vigila.,NO
2021,58,Crecimiento del EBITDA,Crecimiento,(EBITDA actual / EBITDA anterior) - 1,0.0932931,OK,Crecimiento del EBITDA. Valor 0.0932931 dentro de rango normal.,Caída del EBITDA > 20% vigila.,NO
2022,58,Crecimiento del EBITDA,Crecimiento,(EBITDA actual / EBITDA anterior) - 1,-0.0079742,OK,Crecimiento del EBITDA. Valor -0.0079742 dentro de rango normal.,Caída del EBITDA > 20% vigila.,NO
2023,58,Crecimiento del EBITDA,Crecimiento,(EBITDA actual / EBITDA anterior) - 1,-0.274242,OBSERVACION,Crecimiento del EBITDA. Valor -0.274242 < umbral de observación -0.2.,Caída del EBITDA > 20% vigila.,NO
2024,58,Crecimiento del EBITDA,Crecimiento,(EBITDA actual / EBITDA anterior) - 1,-0.311491,SEÑAL_ALERTA,Crecimiento del EBITDA. Valor -0.311491 < umbral de alerta -0.3.,Caída del EBITDA > 20% vigila.,NO
2025,58,Crecimiento del EBITDA,Crecimiento,(EBITDA actual / EBITDA anterior) - 1,0.323684,OK,Crecimiento del EBITDA. Valor 0.323684 dentro de rango normal.,Caída del EBITDA > 20% vigila.,NO
2020,59,Crecimiento del resultado operativo,Crecimiento,(RO actual / RO anterior) - 1,,NO_ENCONTRADO,Sin valor en indicadores.csv para este año,Caída del RO > 20% vigila.,NO
2021,59,Crecimiento del resultado operativo,Crecimiento,(RO actual / RO anterior) - 1,0.101228,OK,Crecimiento del resultado operativo. Valor 0.101228 dentro de rango normal.,Caída del RO > 20% vigila.,NO
2022,59,Crecimiento del resultado operativo,Crecimiento,(RO actual / RO anterior) - 1,-0.0211303,OK,Crecimiento del resultado operativo. Valor -0.0211303 dentro de rango normal.,Caída del RO > 20% vigila.,NO
2023,59,Crecimiento del resultado operativo,Crecimiento,(RO actual / RO anterior) - 1,-0.262952,OBSERVACION,Crecimiento del resultado operativo. Valor -0.262952 < umbral de observación -0.2.,Caída del RO > 20% vigila.,NO
2024,59,Crecimiento del resultado operativo,Crecimiento,(RO actual / RO anterior) - 1,-0.424256,SEÑAL_ALERTA,Crecimiento del resultado operativo. Valor -0.424256 < umbral de alerta -0.3.,Caída del RO > 20% vigila.,NO
2025,59,Crecimiento del resultado operativo,Crecimiento,(RO actual / RO anterior) - 1,0.41793,OK,Crecimiento del resultado operativo. Valor 0.41793 dentro de rango normal.,Caída del RO > 20% vigila.,NO
2020,60,Crecimiento de utilidad neta,Crecimiento,(Utilidad neta actual / anterior) - 1,,NO_ENCONTRADO,Sin valor en indicadores.csv para este año,Caída de utilidad neta > 30% vigila; > 50% señal.,NO
2021,60,Crecimiento de utilidad neta,Crecimiento,(Utilidad neta actual / anterior) - 1,-0.181862,OK,Crecimiento de la utilidad neta. Valor -0.181862 dentro de rango normal.,Caída de utilidad neta > 30% vigila; > 50% señal.,NO
2022,60,Crecimiento de utilidad neta,Crecimiento,(Utilidad neta actual / anterior) - 1,-0.23923,OK,Crecimiento de la utilidad neta. Valor -0.23923 dentro de rango normal.,Caída de utilidad neta > 30% vigila; > 50% señal.,NO
2023,60,Crecimiento de utilidad neta,Crecimiento,(Utilidad neta actual / anterior) - 1,0.935204,OK,Crecimiento de la utilidad neta. Valor 0.935204 dentro de rango normal.,Caída de utilidad neta > 30% vigila; > 50% señal.,NO
2024,60,Crecimiento de utilidad neta,Crecimiento,(Utilidad neta actual / anterior) - 1,-0.700582,SEÑAL_ALERTA,Crecimiento de la utilidad neta. Valor -0.700582 < umbral de alerta -0.5.,Caída de utilidad neta > 30% vigila; > 50% señal.,NO
2025,60,Crecimiento de utilidad neta,Crecimiento,(Utilidad neta actual / anterior) - 1,0.473877,OK,Crecimiento de la utilidad neta. Valor 0.473877 dentro de rango normal.,Caída de utilidad neta > 30% vigila; > 50% señal.,NO
2020,61,Crecimiento de activos,Crecimiento,(Activo total actual / anterior) - 1,,NO_ENCONTRADO,Indicador informativo sin umbral de screening.,,NO
2021,61,Crecimiento de activos,Crecimiento,(Activo total actual / anterior) - 1,-0.0298575,OK,Indicador informativo sin umbral de screening.,,NO
2022,61,Crecimiento de activos,Crecimiento,(Activo total actual / anterior) - 1,-0.038655,OK,Indicador informativo sin umbral de screening.,,NO
2023,61,Crecimiento de activos,Crecimiento,(Activo total actual / anterior) - 1,0.122934,OK,Indicador informativo sin umbral de screening.,,NO
2024,61,Crecimiento de activos,Crecimiento,(Activo total actual / anterior) - 1,-0.162305,OK,Indicador informativo sin umbral de screening.,,NO
2025,61,Crecimiento de activos,Crecimiento,(Activo total actual / anterior) - 1,0.105312,OK,Indicador informativo sin umbral de screening.,,NO
2020,62,Calidad de resultados,Calidad de resultados,Flujo de efectivo de actividades operativas / Utilidad neta,1.10842,OK,Calidad de resultados (FCO utilidad neta). Valor 1.10842 dentro de rango normal.,"FCO menor que utilidad: diferencia entre beneficio y caja generada. < 0,7 vigila; < 0 (FCO negativo con utilidad positiva) señal fuerte.",NO
2021,62,Calidad de resultados,Calidad de resultados,Flujo de efectivo de actividades operativas / Utilidad neta,1.33156,OK,Calidad de resultados (FCO utilidad neta). Valor 1.33156 dentro de rango normal.,"FCO menor que utilidad: diferencia entre beneficio y caja generada. < 0,7 vigila; < 0 (FCO negativo con utilidad positiva) señal fuerte.",NO
2022,62,Calidad de resultados,Calidad de resultados,Flujo de efectivo de actividades operativas / Utilidad neta,1.27155,OK,Calidad de resultados (FCO utilidad neta). Valor 1.27155 dentro de rango normal.,"FCO menor que utilidad: diferencia entre beneficio y caja generada. < 0,7 vigila; < 0 (FCO negativo con utilidad positiva) señal fuerte.",NO
2023,62,Calidad de resultados,Calidad de resultados,Flujo de efectivo de actividades operativas / Utilidad neta,0.662194,OBSERVACION,Calidad de resultados (FCO utilidad neta). Valor 0.662194 < umbral de observación 0.7.,"FCO menor que utilidad: diferencia entre beneficio y caja generada. < 0,7 vigila; < 0 (FCO negativo con utilidad positiva) señal fuerte.",NO
2024,62,Calidad de resultados,Calidad de resultados,Flujo de efectivo de actividades operativas / Utilidad neta,-0.353336,SEÑAL_ALERTA,Calidad de resultados (FCO utilidad neta). Valor -0.353336 < umbral de alerta 0.,"FCO menor que utilidad: diferencia entre beneficio y caja generada. < 0,7 vigila; < 0 (FCO negativo con utilidad positiva) señal fuerte.",NO
2025,62,Calidad de resultados,Calidad de resultados,Flujo de efectivo de actividades operativas / Utilidad neta,-0.481565,SEÑAL_ALERTA,Calidad de resultados (FCO utilidad neta). Valor -0.481565 < umbral de alerta 0.,"FCO menor que utilidad: diferencia entre beneficio y caja generada. < 0,7 vigila; < 0 (FCO negativo con utilidad positiva) señal fuerte.",NO
2020,63,Rotacion de activos,Calidad de resultados,Ingresos operacionales / Activos totales,0.548176,OK,Rotación de activos negativa (calidad). Valor 0.548176 dentro de rango normal.,Screening.,NO
2021,63,Rotacion de activos,Calidad de resultados,Ingresos operacionales / Activos totales,0.586475,OK,Rotación de activos negativa (calidad). Valor 0.586475 dentro de rango normal.,Screening.,NO
2022,63,Rotacion de activos,Calidad de resultados,Ingresos operacionales / Activos totales,0.657022,OK,Rotación de activos negativa (calidad). Valor 0.657022 dentro de rango normal.,Screening.,NO
2023,63,Rotacion de activos,Calidad de resultados,Ingresos operacionales / Activos totales,0.587669,OK,Rotación de activos negativa (calidad). Valor 0.587669 dentro de rango normal.,Screening.,NO
2024,63,Rotacion de activos,Calidad de resultados,Ingresos operacionales / Activos totales,0.719939,OK,Rotación de activos negativa (calidad). Valor 0.719939 dentro de rango normal.,Screening.,NO
2025,63,Rotacion de activos,Calidad de resultados,Ingresos operacionales / Activos totales,0.749156,OK,Rotación de activos negativa (calidad). Valor 0.749156 dentro de rango normal.,Screening.,NO
2020,64,Multiplicador de capital,Calidad de resultados,((Activo actual + Activo anterior)/2) / ((Patrimonio actual + Patrimonio anterior)/2),,NO_ENCONTRADO,Indicador informativo sin umbral de screening.,,NO
2021,64,Multiplicador de capital,Calidad de resultados,((Activo actual + Activo anterior)/2) / ((Patrimonio actual + Patrimonio anterior)/2),1.22817,OK,Indicador informativo sin umbral de screening.,,NO
2022,64,Multiplicador de capital,Calidad de resultados,((Activo actual + Activo anterior)/2) / ((Patrimonio actual + Patrimonio anterior)/2),1.25063,OK,Indicador informativo sin umbral de screening.,,NO
2023,64,Multiplicador de capital,Calidad de resultados,((Activo actual + Activo anterior)/2) / ((Patrimonio actual + Patrimonio anterior)/2),1.27619,OK,Indicador informativo sin umbral de screening.,,NO
2024,64,Multiplicador de capital,Calidad de resultados,((Activo actual + Activo anterior)/2) / ((Patrimonio actual + Patrimonio anterior)/2),1.25968,OK,Indicador informativo sin umbral de screening.,,NO
2025,64,Multiplicador de capital,Calidad de resultados,((Activo actual + Activo anterior)/2) / ((Patrimonio actual + Patrimonio anterior)/2),1.22185,OK,Indicador informativo sin umbral de screening.,,NO
2020,65,ROE DuPont,Creacion de valor y DuPont,Margen neto x Rotacion de activos x Multiplicador de capital,,NO_ENCONTRADO,Sin valor en indicadores.csv para este año,Rentabilidad compuesta < 0.,NO
2021,65,ROE DuPont,Creacion de valor y DuPont,Margen neto x Rotacion de activos x Multiplicador de capital,0.167967,OK,ROE DuPont negativo. Valor 0.167967 dentro de rango normal.,Rentabilidad compuesta < 0.,NO
2022,65,ROE DuPont,Creacion de valor y DuPont,Margen neto x Rotacion de activos x Multiplicador de capital,0.135352,OK,ROE DuPont negativo. Valor 0.135352 dentro de rango normal.,Rentabilidad compuesta < 0.,NO
2023,65,ROE DuPont,Creacion de valor y DuPont,Margen neto x Rotacion de activos x Multiplicador de capital,0.238027,OK,ROE DuPont negativo. Valor 0.238027 dentro de rango normal.,Rentabilidad compuesta < 0.,NO
2024,65,ROE DuPont,Creacion de valor y DuPont,Margen neto x Rotacion de activos x Multiplicador de capital,0.0839776,OK,ROE DuPont negativo. Valor 0.0839776 dentro de rango normal.,Rentabilidad compuesta < 0.,NO
2025,65,ROE DuPont,Creacion de valor y DuPont,Margen neto x Rotacion de activos x Multiplicador de capital,0.108617,OK,ROE DuPont negativo. Valor 0.108617 dentro de rango normal.,Rentabilidad compuesta < 0.,NO
2020,0,tipo_opinion,Cualitativo (auditoría),cualitativo_enum,,OK,"Opinión limpia (sin_salvedad). Dictamen cubre períodos 2021 y 2020 en el mismo informe (informe de auditoría 2021, pág 1-2).",Lotes de extracción revisados y validados por año.,NO
2020,0,incertidumbre,Cualitativo (auditoría),cualitativo_texto_libre,,OK,sin_incertidumbre_material. Cubierto por opinión limpia del dictamen 2021 (ambos períodos).,Lotes de extracción revisados y validados por año.,NO
2021,0,tipo_opinion,Cualitativo (auditoría),cualitativo_enum,,OK,Opinión limpia (sin_salvedad). Lote Fase 3 validado (valido=true): tipo_opinion=sin_salvedad.,Lotes de extracción revisados y validados por año.,NO
2021,0,incertidumbre,Cualitativo (auditoría),cualitativo_texto_libre,,OK,sin_incertidumbre_material. XBRL 'GoingConcern' = No aplica.,Lotes de extracción revisados y validados por año.,NO
2022,0,tipo_opinion,Cualitativo (auditoría),cualitativo_enum,,OK,Opinión limpia (sin_salvedad). Lote 2022 revisado (aprobado): pág 1 sección Opinión; comparativo 2021 pág 3 'Otros asuntos'.,Lotes de extracción revisados y validados por año.,NO
2022,0,incertidumbre,Cualitativo (auditoría),cualitativo_texto_libre,,OK,sin_incertidumbre_material. Lote revisado 2022: sin_incertidumbre_material (aprobado).,Lotes de extracción revisados y validados por año.,NO
2022,0,salvedades,Cualitativo (auditoría),cualitativo_texto_libre,,OK,"Por diseño: sin salvedad (REQ-SALVEDADES).. Los informes separados por negocio administrado contienen salvedades a nivel de fondo, no de la entidad (pág 3-16).",Lotes de extracción revisados y validados por año.,NO
2023,0,tipo_opinion,Cualitativo (auditoría),cualitativo_enum,,SEÑAL_ALERTA,"Opinión modificada: con_salvedad. Informe de auditoría 2023, pág 15, 'Fundamento de la conclusión con salvedad' (validado).",Lotes de extracción revisados y validados por año.,NO
2023,0,incertidumbre,Cualitativo (auditoría),cualitativo_texto_libre,,OK,sin_incertidumbre_material. Lote 2023 validado: sin_incertidumbre_material.,Lotes de extracción revisados y validados por año.,NO
2023,0,salvedades,Cualitativo (auditoría),cualitativo_texto_libre,,SEÑAL_ALERTA,Sí: salvedad en informe auditoría 2023 (pág 15). Requiere análisis de impacto.. Conclusión con salvedad 2023; impacto en estados a auditar.,Lotes de extracción revisados y validados por año.,NO
2024,0,tipo_opinion,Cualitativo (auditoría),cualitativo_enum,,SEÑAL_ALERTA,"Opinión modificada: con_salvedad. Informe de auditoría 2024, pág 13, 'Conclusión con salvedad' (validado).",Lotes de extracción revisados y validados por año.,NO
2024,0,incertidumbre,Cualitativo (auditoría),cualitativo_texto_libre,,OK,sin_incertidumbre_material. Lote 2024 validado: sin_incertidumbre_material.,Lotes de extracción revisados y validados por año.,NO
2024,0,salvedades,Cualitativo (auditoría),cualitativo_texto_libre,,SEÑAL_ALERTA,Sí: salvedad en informe auditoría 2024 (pág 13). Requiere análisis de impacto.. Conclusión con salvedad 2024.,Lotes de extracción revisados y validados por año.,NO
2025,0,tipo_opinion,Cualitativo (auditoría),cualitativo_enum,,SEÑAL_ALERTA,"Opinión modificada: con_salvedad. Informe de auditoría 2025, pág 12, 'Conclusión con salvedad' (validado).",Lotes de extracción revisados y validados por año.,NO
2025,0,incertidumbre,Cualitativo (auditoría),cualitativo_texto_libre,,OK,sin_incertidumbre_material. Lote 2025 validado: sin_incertidumbre_material.,Lotes de extracción revisados y validados por año.,NO
2025,0,salvedades,Cualitativo (auditoría),cualitativo_texto_libre,,SEÑAL_ALERTA,Sí: salvedad en informe auditoría 2025 (pág 12). Requiere análisis de impacto.. Conclusión con salvedad 2025.,Lotes de extracción revisados y validados por año.,NO
