periodo,id_indicador,valor
2020,1,8.685097204019222
2021,1,7.579358532679898
2022,1,6.858367507703714
2023,1,6.508662349817585
2024,1,8.923224755700327
2025,1,9.260076863950808
2020,2,8.685097204019222
2021,2,7.579358532679898
2022,2,6.858367507703714
2023,2,6.508662349817585
2024,2,8.923224755700327
2025,2,9.260076863950808
2020,3,1.1993501529051989
2021,3,0.5092677956232714
2022,3,0.476332800444846
2023,3,0.5220904246175004
2024,3,1.5331921824104235
2025,3,1.414911606456572
2020,4,281459.0
2021,4,271188.0
2022,4,252853.0
2023,4,288395.0
2024,4,243243.0
2025,4,268659.0
2020,5,0.7839974373615967
2021,5,0.7786359486169413
2022,5,0.7551840823360403
2023,5,0.7670406187497341
2024,5,0.7722980695961392
2025,5,0.7717225511232905
2020,6,0.1838553780588014
2021,6,0.1877709698351355
2022,6,0.213539691120383
2023,6,0.218985382356696
2024,6,0.1908274066548133
2025,6,0.1731972918084962
2020,7,0.2252730375426621
2021,7,0.2311798308871355
2022,7,0.2715199848096459
2023,7,0.2803857666806289
2024,7,0.2358302891425387
2025,7,0.2094783798995254
2020,8,0.0269884820545674
2021,8,0.022300637981429
2022,8,0.0185381529942686
2023,8,0.0168384824886165
2024,8,0.0194215138430276
2025,8,0.0152414765790841
2020,9,0.0330682593856655
2021,9,0.027456095698651
2022,9,0.0235716320136713
2023,9,0.0215597533109256
2024,9,0.0240016950682147
2025,9,0.0184342364001473
2020,10,0.8161446219411986
2021,10,0.8122290301648645
2022,10,0.786460308879617
2023,10,0.7810146176433039
2024,10,0.8091725933451867
2025,10,0.8268027081915037
2020,11,1.225273037542662
2021,11,1.2311798308871356
2022,11,1.271519984809646
2023,11,1.2803857666806289
2024,11,1.2358302891425388
2025,11,1.2094783798995254
2020,12,0.5548670555260965
2021,12,0.6302639224441114
2022,12,0.6036672354471454
2023,12,0.6358535252322828
2024,12,0.5107898108247508
2025,12,0.5394311302761423
2020,13,5.439057647147943
2021,13,5.325636869629041
2022,13,4.682970153011273
2023,13,4.566514847877573
2024,13,5.240337420761027
2025,13,5.773762335185339
2020,14,0.1838553780588014
2021,14,0.1877709698351355
2022,14,0.213539691120383
2023,14,0.218985382356696
2024,14,0.1908274066548133
2025,14,0.1731972918084962
2020,15,
2021,15,0.5775868772541994
2022,15,0.6440729078375487
2023,15,0.6216989984623111
2024,15,0.6563542052612078
2025,15,0.786630452322388
2020,16,
2021,16,5.319158355251165
2022,16,5.890720186372826
2023,16,5.96810047943818
2024,16,5.947359448152859
2025,16,5.929901548395899
2020,17,
2021,17,4.742755642240178
2022,17,4.300044957876424
2023,17,4.41373937535582
2024,17,6.578432794685079
2025,17,6.59309351063023
2020,18,
2021,18,76.95947831450938
2022,18,84.88283345303793
2023,18,82.6963191433511
2024,18,55.48433971916455
2025,18,55.36096210549725
2020,19,
2021,19,
2022,19,
2023,19,
2024,19,
2025,19,
2020,20,
2021,20,
2022,20,
2023,20,
2024,20,
2025,20,
2020,21,
2021,21,
2022,21,
2023,21,
2024,21,
2025,21,
2020,22,
2021,22,
2022,22,
2023,22,
2024,22,
2025,22,
2020,23,
2021,23,0.7392096582447747
2022,23,0.8395755293956008
2023,23,0.8164612155610736
2024,23,0.853031574116222
2025,23,1.0189567534410884
2020,24,100136.0
2021,24,109478.0
2022,24,108605.0
2023,24,78821.0
2024,24,54269.0
2025,24,71835.0
2020,25,86251.0
2021,25,94982.0
2022,25,92975.0
2023,25,68527.0
2024,25,39454.0
2025,25,55943.0
2020,26,1.0
2021,26,1.0
2022,26,1.0
2023,26,1.0
2024,26,1.0
2025,26,1.0
2020,27,0.4382717304037642
2021,27,0.465003108767704
2022,27,0.4226405316701972
2023,27,0.3101414774115879
2024,27,0.1739962602314422
2025,27,0.2145029006568176
2020,28,0.5088263092104595
2021,28,0.5359711349694753
2022,28,0.4936905075777549
2023,28,0.3567303601654643
2024,28,0.2393319573807507
2025,28,0.275437782540845
2020,29,0.4581194930842793
2021,29,0.3533126734912685
2022,29,0.2960597492567708
2023,29,0.5363061994804348
2024,29,0.1614759737510584
2025,29,0.2232949774350755
2020,30,0.2958363398002012
2021,30,0.2331918476850696
2022,30,0.1647241188075605
2023,30,0.3173782778315848
2024,30,0.0925989627434377
2025,30,0.1186604448568459
2020,31,
2021,31,0.1346885511055562
2022,31,0.1060943421913633
2023,31,0.1973137574615894
2024,31,0.0607777185994812
2025,31,0.0933419194105165
2020,32,
2021,32,0.1654210540938515
2022,32,0.1326845021996913
2023,32,0.2518106769795358
2024,32,0.0765606939577689
2025,32,0.1140501685120998
2020,33,81649.0
2021,33,79727.0
2022,33,78167.0
2023,33,78291.0
2024,33,78077.0
2025,33,77266.0
2020,34,
2021,34,0.7690982550069403
2022,34,0.696986585937401
2023,34,0.3368443927443786
2024,34,0.2235751560421569
2025,34,0.3656167320059481
2020,35,
2021,35,0.2091771383885233
2022,35,0.1964522561216165
2023,35,0.0925388753880515
2024,35,0.0623224007672643
2025,35,0.1024987637922882
2020,36,
2021,36,
2022,36,
2023,36,
2024,36,
2025,36,
2020,37,
2021,37,
2022,37,
2023,37,
2024,37,
2025,37,
2020,38,54602.0
2021,38,33754.0
2022,38,49391.0
2023,38,35341.0
2024,38,51666.0
2025,38,80770.0
2020,39,1.4301923800038618
2021,39,1.3276543246140966
2022,39,1.149404962133954
2023,39,1.3052264272201457
2024,39,1.072727032176122
2025,39,1.030122352887045
2020,40,92.94288793103448
2021,40,127.32171581769435
2022,40,138.76865671641792
2023,40,102.7391304347826
2024,40,56.76834532374101
2025,40,96.78719723183391
2020,41,107.90517241379312
2021,41,146.7533512064343
2022,41,162.09701492537314
2023,41,118.17241379310344
2024,41,78.08489208633094
2025,41,124.28200692041524
2020,42,
2021,42,1.130391768895924
2022,42,1.2387099597409417
2023,42,0.7684848270745752
2024,42,0.5845266278989588
2025,42,2.110927608037435
2020,43,
2021,43,
2022,43,
2023,43,
2024,43,
2025,43,
2020,44,
2021,44,1.1374643121497303
2022,44,0.8495863158873291
2023,44,1.278039172776015
2024,44,0.6045662100456621
2025,44,0.8555041540785498
2020,45,
2021,45,1.5913978494623655
2022,45,1.179587482219061
2023,45,1.246909858305698
2024,45,1.1537717601547388
2025,45,1.07523051131601
2020,46,
2021,46,1.1050460171374168
2022,46,1.057438253877082
2023,46,1.2479630635524173
2024,46,0.9623503808487488
2025,46,1.343509724106739
2020,47,
2021,47,0.9232598969247324
2022,47,1.1153846153846154
2023,47,0.9997250178738382
2024,47,0.9737044779403676
2025,47,1.2335593220338985
2020,48,
2021,48,0.8026306680512288
2022,48,0.5630498533724341
2023,48,1.3958333333333333
2024,48,1.011852502194908
2025,48,0.999349240780911
2020,49,
2021,49,0.7837954008166774
2022,49,0.6395941870030162
2023,49,1.2254137014490267
2024,49,0.9967814161768822
2025,49,0.9477748139828724
2020,50,72603.0
2021,50,55705.0
2022,50,86292.0
2023,50,22595.0
2024,50,48620.0
2025,50,73394.0
2020,51,
2021,51,64941.0
2022,51,96049.0
2023,51,17387.0
2024,51,49036.0
2025,51,70010.0
2020,52,2151.0
2021,52,1892.0
2022,52,2205.0
2023,52,2130.0
2024,52,2478.0
2025,52,2724.0
2020,53,
2021,53,34.32399577167019
2022,53,43.55963718820862
2023,53,8.162910798122066
2024,53,19.788539144471347
2025,53,25.701174743024964
2020,54,9689.0
2021,54,7767.0
2022,54,6207.0
2023,54,6331.0
2024,54,6117.0
2025,54,5306.0
2020,55,0.0967584085643524
2021,55,0.0709457607921226
2022,55,0.0571520648220616
2023,55,0.0803212341888583
2024,55,0.1127162836978754
2025,55,0.073863715459038
2020,56,-0.3418950227690341
2021,56,-0.1207913918778202
2022,56,-0.1321486119423599
2023,56,-0.2664518339021327
2024,56,-0.7546112882124233
2025,56,-0.5667710725969235
2020,57,
2021,57,0.0379221333550137
2022,57,0.076984838025859
2023,57,0.0044002800178193
2024,57,0.0262407559944604
2025,57,0.1501684659892745
2020,58,
2021,58,0.0932931213549572
2022,58,-0.0079742048630775
2023,58,-0.2742415174255329
2024,58,-0.3114905926085688
2025,58,0.3236838710866241
2020,59,
2021,59,0.1012278118514566
2022,59,-0.0211303194289443
2023,59,-0.2629524065609034
2024,59,-0.4242561326192595
2025,59,0.4179297409641607
2020,60,
2021,60,-0.1818619031260735
2022,60,-0.239229929459187
2023,60,0.9352043491459006
2024,60,-0.700581809885064
2025,60,0.4738772205553174
2020,61,
2021,61,-0.0298575228757259
2022,61,-0.0386550134085206
2023,61,0.1229336096982585
2024,61,-0.1623047789267628
2025,61,0.1053117856235712
2020,62,1.1084163517691514
2021,62,1.3315628149143433
2022,62,1.2715456577531252
2023,62,0.6621937655078003
2024,62,-0.353336190884412
2025,62,-0.4815652567292467
2020,63,0.5481762092449965
2021,63,0.5864749085521669
2022,63,0.6570217697111608
2023,63,0.5876686241967743
2024,63,0.7199390398780797
2025,63,0.7491562035911975
2020,64,
2021,64,1.2281745756119244
2022,64,1.2506275024578324
2023,64,1.276194220915159
2024,64,1.2596835768432797
2025,64,1.221853688378838
2020,65,
2021,65,0.1679665889112602
2022,65,0.1353520779831865
2023,65,0.2380271392822472
2024,65,0.0839775719551001
2025,65,0.1086169382449031
